customer_id,full_name,kyc_status,risk_rating,segment,country,created_at
CUST-0001,Customer_1,VERIFIED,LOW,RETAIL,IND,2025-07-08 00:00:00
CUST-0002,Customer_2,PENDING_REVERIFICATION,HIGH,CORPORATE,IND,2024-01-14 00:00:00
CUST-0003,Customer_3,PENDING_REVERIFICATION,LOW,RETAIL,IND,2024-06-03 00:00:00
CUST-0004,Customer_4,VERIFIED,LOW,SME,IND,2023-11-08 00:00:00
CUST-0005,Customer_5,VERIFIED,MEDIUM,RETAIL,IND,2023-11-10 00:00:00
CUST-0006,Customer_6,PENDING_REVERIFICATION,LOW,HNI,IND,2025-01-11 00:00:00
CUST-0007,Customer_7,VERIFIED,LOW,SME,IND,2023-11-20 00:00:00
CUST-0008,Customer_8,PENDING_REVERIFICATION,HIGH,RETAIL,IND,2024-02-12 00:00:00
CUST-0009,Customer_9,VERIFIED,LOW,SME,IND,2025-05-03 00:00:00
CUST-0010,Customer_10,PENDING_REVERIFICATION,LOW,SME,IND,2026-01-27 00:00:00
CUST-0011,Customer_11,VERIFIED,LOW,CORPORATE,IND,2024-12-16 00:00:00
CUST-0012,Customer_12,VERIFIED,MEDIUM,CORPORATE,IND,2023-09-17 00:00:00
CUST-0013,Customer_13,VERIFIED,MEDIUM,CORPORATE,IND,2025-01-10 00:00:00
CUST-0014,Customer_14,VERIFIED,MEDIUM,CORPORATE,IND,2024-09-14 00:00:00
CUST-0015,Customer_15,VERIFIED,HIGH,HNI,IND,2023-12-30 00:00:00
CUST-0016,Customer_16,VERIFIED,LOW,RETAIL,IND,2024-02-18 00:00:00
CUST-0017,Customer_17,PENDING_REVERIFICATION,MEDIUM,HNI,IND,2024-10-16 00:00:00
CUST-0018,Customer_18,VERIFIED,LOW,CORPORATE,IND,2024-04-02 00:00:00
CUST-0019,Customer_19,PENDING_REVERIFICATION,HIGH,SME,IND,2024-07-28 00:00:00
CUST-0020,Customer_20,PENDING_REVERIFICATION,LOW,CORPORATE,IND,2023-11-20 00:00:00
CUST-0021,Customer_21,PENDING_REVERIFICATION,MEDIUM,HNI,IND,2025-04-26 00:00:00
CUST-0022,Customer_22,VERIFIED,LOW,RETAIL,IND,2025-09-21 00:00:00
CUST-0023,Customer_23,PENDING_REVERIFICATION,HIGH,CORPORATE,IND,2025-02-18 00:00:00
CUST-0024,Customer_24,VERIFIED,LOW,CORPORATE,IND,2024-11-01 00:00:00
CUST-0025,Customer_25,PENDING_REVERIFICATION,MEDIUM,RETAIL,IND,2023-10-24 00:00:00
CUST-0026,Customer_26,VERIFIED,LOW,CORPORATE,IND,2023-11-13 00:00:00
CUST-0027,Customer_27,VERIFIED,MEDIUM,SME,IND,2024-11-15 00:00:00
CUST-0028,Customer_28,VERIFIED,MEDIUM,CORPORATE,IND,2025-12-18 00:00:00
CUST-0029,Customer_29,VERIFIED,MEDIUM,SME,IND,2025-11-15 00:00:00
CUST-0030,Customer_30,VERIFIED,MEDIUM,HNI,IND,2024-11-18 00:00:00
CUST-0031,Customer_31,VERIFIED,LOW,RETAIL,IND,2024-11-16 00:00:00
CUST-0032,Customer_32,VERIFIED,HIGH,HNI,IND,2025-06-13 00:00:00
CUST-0033,Customer_33,VERIFIED,HIGH,RETAIL,IND,2024-01-14 00:00:00
CUST-0034,Customer_34,VERIFIED,LOW,HNI,IND,2026-02-16 00:00:00
CUST-0035,Customer_35,VERIFIED,HIGH,CORPORATE,IND,2024-03-17 00:00:00
CUST-0036,Customer_36,VERIFIED,HIGH,HNI,IND,2024-10-25 00:00:00
CUST-0037,Customer_37,VERIFIED,HIGH,SME,IND,2025-11-27 00:00:00
CUST-0038,Customer_38,PENDING_REVERIFICATION,LOW,HNI,IND,2023-12-12 00:00:00
CUST-0039,Customer_39,VERIFIED,HIGH,CORPORATE,IND,2025-01-18 00:00:00
CUST-0040,Customer_40,VERIFIED,HIGH,HNI,IND,2025-02-01 00:00:00
CUST-0041,Customer_41,VERIFIED,LOW,CORPORATE,IND,2025-12-08 00:00:00
CUST-0042,Customer_42,VERIFIED,LOW,SME,IND,2023-12-26 00:00:00
CUST-0043,Customer_43,VERIFIED,LOW,CORPORATE,IND,2025-03-23 00:00:00
CUST-0044,Customer_44,VERIFIED,MEDIUM,SME,IND,2025-10-20 00:00:00
CUST-0045,Customer_45,PENDING_REVERIFICATION,MEDIUM,HNI,IND,2025-09-17 00:00:00
CUST-0046,Customer_46,VERIFIED,MEDIUM,SME,IND,2024-11-09 00:00:00
CUST-0047,Customer_47,VERIFIED,LOW,CORPORATE,IND,2026-01-18 00:00:00
CUST-0048,Customer_48,VERIFIED,LOW,RETAIL,IND,2024-04-29 00:00:00
CUST-0049,Customer_49,VERIFIED,MEDIUM,HNI,IND,2024-10-14 00:00:00
CUST-0050,Customer_50,VERIFIED,LOW,HNI,IND,2023-12-10 00:00:00
CUST-0051,Customer_51,VERIFIED,LOW,HNI,IND,2025-01-18 00:00:00
CUST-0052,Customer_52,VERIFIED,MEDIUM,CORPORATE,IND,2023-09-17 00:00:00
CUST-0053,Customer_53,VERIFIED,MEDIUM,SME,IND,2025-08-14 00:00:00
CUST-0054,Customer_54,VERIFIED,LOW,SME,IND,2024-11-03 00:00:00
CUST-0055,Customer_55,PENDING_REVERIFICATION,MEDIUM,SME,IND,2024-10-31 00:00:00
CUST-0056,Customer_56,VERIFIED,LOW,CORPORATE,IND,2024-11-23 00:00:00
CUST-0057,Customer_57,VERIFIED,HIGH,SME,IND,2023-11-09 00:00:00
CUST-0058,Customer_58,VERIFIED,LOW,HNI,IND,2026-02-16 00:00:00
CUST-0059,Customer_59,VERIFIED,MEDIUM,SME,IND,2024-12-31 00:00:00
CUST-0060,Customer_60,VERIFIED,LOW,SME,IND,2023-10-09 00:00:00
CUST-0061,Customer_61,VERIFIED,LOW,HNI,IND,2025-11-01 00:00:00
CUST-0062,Customer_62,VERIFIED,HIGH,HNI,IND,2024-07-18 00:00:00
CUST-0063,Customer_63,VERIFIED,HIGH,SME,IND,2024-04-06 00:00:00
CUST-0064,Customer_64,VERIFIED,LOW,SME,IND,2025-11-15 00:00:00
CUST-0065,Customer_65,PENDING_REVERIFICATION,LOW,RETAIL,IND,2024-03-23 00:00:00
CUST-0066,Customer_66,VERIFIED,LOW,HNI,IND,2024-05-01 00:00:00
CUST-0067,Customer_67,VERIFIED,HIGH,SME,IND,2025-05-14 00:00:00
CUST-0068,Customer_68,VERIFIED,LOW,SME,IND,2025-09-09 00:00:00
CUST-0069,Customer_69,VERIFIED,LOW,RETAIL,IND,2026-02-07 00:00:00
CUST-0070,Customer_70,PENDING_REVERIFICATION,LOW,CORPORATE,IND,2026-02-06 00:00:00
CUST-0071,Customer_71,VERIFIED,LOW,HNI,IND,2026-01-29 00:00:00
CUST-0072,Customer_72,VERIFIED,LOW,RETAIL,IND,2024-03-21 00:00:00
CUST-0073,Customer_73,VERIFIED,LOW,CORPORATE,IND,2024-06-10 00:00:00
CUST-0074,Customer_74,VERIFIED,MEDIUM,SME,IND,2024-06-09 00:00:00
CUST-0075,Customer_75,VERIFIED,HIGH,CORPORATE,IND,2024-12-12 00:00:00
CUST-0076,Customer_76,VERIFIED,LOW,SME,IND,2025-01-19 00:00:00
CUST-0077,Customer_77,VERIFIED,LOW,RETAIL,IND,2024-01-30 00:00:00
CUST-0078,Customer_78,PENDING_REVERIFICATION,LOW,SME,IND,2024-03-12 00:00:00
CUST-0079,Customer_79,VERIFIED,LOW,RETAIL,IND,2025-04-23 00:00:00
CUST-0080,Customer_80,PENDING_REVERIFICATION,LOW,RETAIL,IND,2024-08-15 00:00:00
CUST-0081,Customer_81,VERIFIED,LOW,RETAIL,IND,2024-02-14 00:00:00
CUST-0082,Customer_82,VERIFIED,LOW,RETAIL,IND,2025-10-23 00:00:00
CUST-0083,Customer_83,VERIFIED,LOW,SME,IND,2024-06-20 00:00:00
CUST-0084,Customer_84,VERIFIED,LOW,CORPORATE,IND,2024-07-09 00:00:00
CUST-0085,Customer_85,VERIFIED,LOW,CORPORATE,IND,2025-01-24 00:00:00
CUST-0086,Customer_86,PENDING_REVERIFICATION,LOW,CORPORATE,IND,2024-04-14 00:00:00
CUST-0087,Customer_87,VERIFIED,LOW,HNI,IND,2024-08-15 00:00:00
CUST-0088,Customer_88,VERIFIED,HIGH,CORPORATE,IND,2025-06-05 00:00:00
CUST-0089,Customer_89,VERIFIED,LOW,RETAIL,IND,2026-02-05 00:00:00
CUST-0090,Customer_90,VERIFIED,HIGH,CORPORATE,IND,2024-12-21 00:00:00
CUST-0091,Customer_91,VERIFIED,LOW,HNI,IND,2024-05-21 00:00:00
CUST-0092,Customer_92,VERIFIED,LOW,RETAIL,IND,2024-04-27 00:00:00
CUST-0093,Customer_93,VERIFIED,LOW,SME,IND,2025-12-26 00:00:00
CUST-0094,Customer_94,VERIFIED,LOW,CORPORATE,IND,2025-12-24 00:00:00
CUST-0095,Customer_95,VERIFIED,HIGH,HNI,IND,2024-01-20 00:00:00
CUST-0096,Customer_96,PENDING_REVERIFICATION,LOW,HNI,IND,2024-07-26 00:00:00
CUST-0097,Customer_97,VERIFIED,LOW,HNI,IND,2025-02-03 00:00:00
CUST-0098,Customer_98,VERIFIED,MEDIUM,CORPORATE,IND,2024-08-09 00:00:00
CUST-0099,Customer_99,PENDING_REVERIFICATION,HIGH,SME,IND,2025-08-13 00:00:00
CUST-0100,Customer_100,VERIFIED,MEDIUM,HNI,IND,2024-10-13 00:00:00
CUST-0101,Customer_101,VERIFIED,LOW,CORPORATE,IND,2023-11-30 00:00:00
CUST-0102,Customer_102,VERIFIED,LOW,RETAIL,IND,2025-04-21 00:00:00
CUST-0103,Customer_103,VERIFIED,HIGH,SME,IND,2025-10-03 00:00:00
CUST-0104,Customer_104,VERIFIED,LOW,HNI,IND,2023-10-05 00:00:00
CUST-0105,Customer_105,VERIFIED,HIGH,RETAIL,IND,2025-01-15 00:00:00
CUST-0106,Customer_106,PENDING_REVERIFICATION,HIGH,HNI,IND,2024-09-19 00:00:00
CUST-0107,Customer_107,VERIFIED,LOW,HNI,IND,2024-02-02 00:00:00
CUST-0108,Customer_108,PENDING_REVERIFICATION,LOW,SME,IND,2025-04-10 00:00:00
CUST-0109,Customer_109,VERIFIED,HIGH,HNI,IND,2025-09-08 00:00:00
CUST-0110,Customer_110,VERIFIED,LOW,SME,IND,2025-02-21 00:00:00
CUST-0111,Customer_111,VERIFIED,MEDIUM,HNI,IND,2024-01-19 00:00:00
CUST-0112,Customer_112,VERIFIED,HIGH,CORPORATE,IND,2024-12-16 00:00:00
CUST-0113,Customer_113,VERIFIED,HIGH,HNI,IND,2024-02-13 00:00:00
CUST-0114,Customer_114,VERIFIED,LOW,SME,IND,2024-08-18 00:00:00
CUST-0115,Customer_115,VERIFIED,LOW,RETAIL,IND,2025-10-25 00:00:00
CUST-0116,Customer_116,VERIFIED,LOW,RETAIL,IND,2025-02-10 00:00:00
CUST-0117,Customer_117,VERIFIED,LOW,HNI,IND,2024-06-18 00:00:00
CUST-0118,Customer_118,VERIFIED,LOW,RETAIL,IND,2025-03-24 00:00:00
CUST-0119,Customer_119,PENDING_REVERIFICATION,LOW,RETAIL,IND,2025-01-27 00:00:00
CUST-0120,Customer_120,VERIFIED,HIGH,SME,IND,2024-04-29 00:00:00
CUST-0121,Customer_121,VERIFIED,LOW,CORPORATE,IND,2024-09-29 00:00:00
CUST-0122,Customer_122,VERIFIED,HIGH,HNI,IND,2023-10-27 00:00:00
CUST-0123,Customer_123,VERIFIED,MEDIUM,SME,IND,2025-11-29 00:00:00
CUST-0124,Customer_124,VERIFIED,LOW,CORPORATE,IND,2023-12-18 00:00:00
CUST-0125,Customer_125,VERIFIED,LOW,HNI,IND,2025-09-02 00:00:00
CUST-0126,Customer_126,VERIFIED,MEDIUM,SME,IND,2025-03-28 00:00:00
CUST-0127,Customer_127,PENDING_REVERIFICATION,MEDIUM,SME,IND,2025-08-25 00:00:00
CUST-0128,Customer_128,VERIFIED,MEDIUM,HNI,IND,2023-09-19 00:00:00
CUST-0129,Customer_129,VERIFIED,LOW,CORPORATE,IND,2023-10-24 00:00:00
CUST-0130,Customer_130,PENDING_REVERIFICATION,LOW,HNI,IND,2024-11-26 00:00:00
CUST-0131,Customer_131,VERIFIED,MEDIUM,SME,IND,2025-03-22 00:00:00
CUST-0132,Customer_132,VERIFIED,LOW,SME,IND,2023-10-14 00:00:00
CUST-0133,Customer_133,PENDING_REVERIFICATION,LOW,HNI,IND,2024-08-12 00:00:00
CUST-0134,Customer_134,VERIFIED,LOW,SME,IND,2025-09-28 00:00:00
CUST-0135,Customer_135,VERIFIED,LOW,SME,IND,2024-07-13 00:00:00
CUST-0136,Customer_136,PENDING_REVERIFICATION,MEDIUM,CORPORATE,IND,2026-01-30 00:00:00
CUST-0137,Customer_137,VERIFIED,MEDIUM,SME,IND,2025-11-16 00:00:00
CUST-0138,Customer_138,PENDING_REVERIFICATION,HIGH,HNI,IND,2024-12-14 00:00:00
CUST-0139,Customer_139,VERIFIED,LOW,RETAIL,IND,2025-01-08 00:00:00
CUST-0140,Customer_140,VERIFIED,LOW,SME,IND,2024-07-29 00:00:00
CUST-0141,Customer_141,VERIFIED,LOW,SME,IND,2024-07-09 00:00:00
CUST-0142,Customer_142,PENDING_REVERIFICATION,MEDIUM,CORPORATE,IND,2025-03-12 00:00:00
CUST-0143,Customer_143,VERIFIED,LOW,HNI,IND,2024-05-11 00:00:00
CUST-0144,Customer_144,VERIFIED,LOW,SME,IND,2026-02-03 00:00:00
CUST-0145,Customer_145,VERIFIED,MEDIUM,SME,IND,2024-05-25 00:00:00
CUST-0146,Customer_146,VERIFIED,LOW,HNI,IND,2024-08-19 00:00:00
CUST-0147,Customer_147,VERIFIED,LOW,HNI,IND,2025-03-21 00:00:00
CUST-0148,Customer_148,VERIFIED,MEDIUM,HNI,IND,2024-06-11 00:00:00
CUST-0149,Customer_149,VERIFIED,LOW,RETAIL,IND,2024-07-20 00:00:00
CUST-0150,Customer_150,PENDING_REVERIFICATION,HIGH,HNI,IND,2025-11-03 00:00:00
CUST-0151,Customer_151,VERIFIED,LOW,CORPORATE,IND,2026-01-07 00:00:00
CUST-0152,Customer_152,VERIFIED,HIGH,HNI,IND,2024-10-27 00:00:00
CUST-0153,Customer_153,VERIFIED,LOW,SME,IND,2025-04-02 00:00:00
CUST-0154,Customer_154,PENDING_REVERIFICATION,LOW,CORPORATE,IND,2025-03-24 00:00:00
CUST-0155,Customer_155,VERIFIED,LOW,CORPORATE,IND,2025-10-08 00:00:00
CUST-0156,Customer_156,VERIFIED,MEDIUM,SME,IND,2025-06-07 00:00:00
CUST-0157,Customer_157,PENDING_REVERIFICATION,LOW,SME,IND,2025-05-17 00:00:00
CUST-0158,Customer_158,PENDING_REVERIFICATION,LOW,HNI,IND,2024-07-06 00:00:00
CUST-0159,Customer_159,VERIFIED,MEDIUM,RETAIL,IND,2024-02-09 00:00:00
CUST-0160,Customer_160,VERIFIED,MEDIUM,RETAIL,IND,2023-10-02 00:00:00
CUST-0161,Customer_161,VERIFIED,MEDIUM,SME,IND,2024-04-16 00:00:00
CUST-0162,Customer_162,VERIFIED,LOW,HNI,IND,2025-12-04 00:00:00
CUST-0163,Customer_163,VERIFIED,LOW,CORPORATE,IND,2024-05-17 00:00:00
CUST-0164,Customer_164,VERIFIED,HIGH,HNI,IND,2026-01-23 00:00:00
CUST-0165,Customer_165,PENDING_REVERIFICATION,LOW,HNI,IND,2024-12-09 00:00:00
CUST-0166,Customer_166,VERIFIED,HIGH,HNI,IND,2023-12-04 00:00:00
CUST-0167,Customer_167,VERIFIED,MEDIUM,HNI,IND,2024-07-29 00:00:00
CUST-0168,Customer_168,VERIFIED,LOW,CORPORATE,IND,2024-08-25 00:00:00
CUST-0169,Customer_169,VERIFIED,LOW,HNI,IND,2024-02-06 00:00:00
CUST-0170,Customer_170,VERIFIED,LOW,RETAIL,IND,2023-11-23 00:00:00
CUST-0171,Customer_171,VERIFIED,LOW,SME,IND,2023-11-05 00:00:00
CUST-0172,Customer_172,VERIFIED,LOW,SME,IND,2024-08-17 00:00:00
CUST-0173,Customer_173,VERIFIED,LOW,CORPORATE,IND,2025-09-02 00:00:00
CUST-0174,Customer_174,VERIFIED,LOW,HNI,IND,2024-03-27 00:00:00
CUST-0175,Customer_175,VERIFIED,MEDIUM,CORPORATE,IND,2024-08-11 00:00:00
CUST-0176,Customer_176,VERIFIED,LOW,HNI,IND,2024-09-13 00:00:00
CUST-0177,Customer_177,VERIFIED,HIGH,RETAIL,IND,2024-11-02 00:00:00
CUST-0178,Customer_178,PENDING_REVERIFICATION,LOW,SME,IND,2025-09-25 00:00:00
CUST-0179,Customer_179,VERIFIED,MEDIUM,RETAIL,IND,2025-12-24 00:00:00
CUST-0180,Customer_180,VERIFIED,LOW,SME,IND,2025-03-22 00:00:00
CUST-0181,Customer_181,VERIFIED,LOW,HNI,IND,2023-09-16 00:00:00
CUST-0182,Customer_182,VERIFIED,MEDIUM,CORPORATE,IND,2025-08-01 00:00:00
CUST-0183,Customer_183,VERIFIED,LOW,HNI,IND,2024-04-15 00:00:00
CUST-0184,Customer_184,PENDING_REVERIFICATION,LOW,SME,IND,2025-09-12 00:00:00
CUST-0185,Customer_185,PENDING_REVERIFICATION,MEDIUM,CORPORATE,IND,2023-09-29 00:00:00
CUST-0186,Customer_186,VERIFIED,LOW,SME,IND,2024-05-18 00:00:00
CUST-0187,Customer_187,PENDING_REVERIFICATION,HIGH,CORPORATE,IND,2025-11-20 00:00:00
CUST-0188,Customer_188,VERIFIED,LOW,RETAIL,IND,2024-01-09 00:00:00
CUST-0189,Customer_189,VERIFIED,LOW,HNI,IND,2025-10-27 00:00:00
CUST-0190,Customer_190,VERIFIED,LOW,CORPORATE,IND,2025-08-12 00:00:00
CUST-0191,Customer_191,PENDING_REVERIFICATION,LOW,HNI,IND,2024-04-29 00:00:00
CUST-0192,Customer_192,VERIFIED,LOW,SME,IND,2025-01-10 00:00:00
CUST-0193,Customer_193,VERIFIED,MEDIUM,CORPORATE,IND,2025-05-18 00:00:00
CUST-0194,Customer_194,VERIFIED,MEDIUM,HNI,IND,2025-11-03 00:00:00
CUST-0195,Customer_195,VERIFIED,HIGH,HNI,IND,2025-02-19 00:00:00
CUST-0196,Customer_196,PENDING_REVERIFICATION,MEDIUM,RETAIL,IND,2024-03-09 00:00:00
CUST-0197,Customer_197,VERIFIED,LOW,RETAIL,IND,2024-11-06 00:00:00
CUST-0198,Customer_198,PENDING_REVERIFICATION,LOW,RETAIL,IND,2023-11-11 00:00:00
CUST-0199,Customer_199,VERIFIED,LOW,RETAIL,IND,2025-12-01 00:00:00
CUST-0200,Customer_200,VERIFIED,LOW,CORPORATE,IND,2024-07-24 00:00:00
CUST-0201,Customer_201,VERIFIED,MEDIUM,CORPORATE,IND,2024-06-03 00:00:00
CUST-0202,Customer_202,PENDING_REVERIFICATION,HIGH,RETAIL,IND,2025-09-18 00:00:00
CUST-0203,Customer_203,VERIFIED,LOW,RETAIL,IND,2025-11-06 00:00:00
CUST-0204,Customer_204,PENDING_REVERIFICATION,LOW,HNI,IND,2024-08-23 00:00:00
CUST-0205,Customer_205,VERIFIED,LOW,RETAIL,IND,2024-01-17 00:00:00
CUST-0206,Customer_206,VERIFIED,HIGH,RETAIL,IND,2024-02-02 00:00:00
CUST-0207,Customer_207,VERIFIED,LOW,SME,IND,2024-10-27 00:00:00
CUST-0208,Customer_208,VERIFIED,LOW,CORPORATE,IND,2024-03-16 00:00:00
CUST-0209,Customer_209,VERIFIED,MEDIUM,HNI,IND,2024-09-13 00:00:00
CUST-0210,Customer_210,VERIFIED,MEDIUM,RETAIL,IND,2024-10-09 00:00:00
CUST-0211,Customer_211,VERIFIED,HIGH,HNI,IND,2024-11-29 00:00:00
CUST-0212,Customer_212,VERIFIED,LOW,CORPORATE,IND,2024-06-27 00:00:00
CUST-0213,Customer_213,PENDING_REVERIFICATION,MEDIUM,RETAIL,IND,2024-09-29 00:00:00
CUST-0214,Customer_214,VERIFIED,MEDIUM,RETAIL,IND,2024-08-28 00:00:00
CUST-0215,Customer_215,PENDING_REVERIFICATION,LOW,SME,IND,2025-06-20 00:00:00
CUST-0216,Customer_216,VERIFIED,LOW,CORPORATE,IND,2023-09-21 00:00:00
CUST-0217,Customer_217,VERIFIED,LOW,HNI,IND,2024-08-27 00:00:00
CUST-0218,Customer_218,VERIFIED,HIGH,SME,IND,2023-11-19 00:00:00
CUST-0219,Customer_219,VERIFIED,HIGH,RETAIL,IND,2024-08-03 00:00:00
CUST-0220,Customer_220,VERIFIED,MEDIUM,CORPORATE,IND,2023-11-17 00:00:00
CUST-0221,Customer_221,VERIFIED,LOW,CORPORATE,IND,2025-01-07 00:00:00
CUST-0222,Customer_222,VERIFIED,LOW,HNI,IND,2025-12-31 00:00:00
CUST-0223,Customer_223,VERIFIED,LOW,SME,IND,2025-02-03 00:00:00
CUST-0224,Customer_224,VERIFIED,LOW,HNI,IND,2026-01-15 00:00:00
CUST-0225,Customer_225,VERIFIED,HIGH,RETAIL,IND,2024-11-20 00:00:00
CUST-0226,Customer_226,VERIFIED,LOW,CORPORATE,IND,2023-10-14 00:00:00
CUST-0227,Customer_227,VERIFIED,LOW,CORPORATE,IND,2026-01-04 00:00:00
CUST-0228,Customer_228,VERIFIED,LOW,HNI,IND,2024-04-25 00:00:00
CUST-0229,Customer_229,VERIFIED,LOW,HNI,IND,2026-02-14 00:00:00
CUST-0230,Customer_230,VERIFIED,HIGH,RETAIL,IND,2024-10-27 00:00:00
CUST-0231,Customer_231,VERIFIED,LOW,HNI,IND,2024-08-10 00:00:00
CUST-0232,Customer_232,VERIFIED,MEDIUM,RETAIL,IND,2024-08-16 00:00:00
CUST-0233,Customer_233,VERIFIED,LOW,CORPORATE,IND,2024-11-03 00:00:00
CUST-0234,Customer_234,VERIFIED,LOW,RETAIL,IND,2026-02-06 00:00:00
CUST-0235,Customer_235,PENDING_REVERIFICATION,MEDIUM,RETAIL,IND,2024-11-27 00:00:00
CUST-0236,Customer_236,VERIFIED,LOW,HNI,IND,2025-09-06 00:00:00
CUST-0237,Customer_237,VERIFIED,HIGH,SME,IND,2025-01-08 00:00:00
CUST-0238,Customer_238,VERIFIED,LOW,CORPORATE,IND,2025-11-19 00:00:00
CUST-0239,Customer_239,VERIFIED,LOW,RETAIL,IND,2024-01-18 00:00:00
CUST-0240,Customer_240,VERIFIED,HIGH,HNI,IND,2023-11-02 00:00:00
CUST-0241,Customer_241,PENDING_REVERIFICATION,LOW,SME,IND,2025-08-26 00:00:00
CUST-0242,Customer_242,PENDING_REVERIFICATION,HIGH,RETAIL,IND,2025-10-02 00:00:00
CUST-0243,Customer_243,VERIFIED,MEDIUM,RETAIL,IND,2024-03-09 00:00:00
CUST-0244,Customer_244,PENDING_REVERIFICATION,MEDIUM,SME,IND,2024-09-15 00:00:00
CUST-0245,Customer_245,VERIFIED,LOW,RETAIL,IND,2024-04-27 00:00:00
CUST-0246,Customer_246,VERIFIED,LOW,RETAIL,IND,2025-01-31 00:00:00
CUST-0247,Customer_247,VERIFIED,LOW,HNI,IND,2025-04-13 00:00:00
CUST-0248,Customer_248,VERIFIED,LOW,SME,IND,2024-01-30 00:00:00
CUST-0249,Customer_249,VERIFIED,MEDIUM,RETAIL,IND,2025-06-18 00:00:00
CUST-0250,Customer_250,PENDING_REVERIFICATION,LOW,CORPORATE,IND,2025-10-29 00:00:00
CUST-0251,Customer_251,VERIFIED,LOW,RETAIL,IND,2024-06-04 00:00:00
CUST-0252,Customer_252,VERIFIED,LOW,CORPORATE,IND,2025-06-08 00:00:00
CUST-0253,Customer_253,VERIFIED,MEDIUM,SME,IND,2025-09-20 00:00:00
CUST-0254,Customer_254,PENDING_REVERIFICATION,LOW,CORPORATE,IND,2024-06-30 00:00:00
CUST-0255,Customer_255,VERIFIED,LOW,HNI,IND,2023-10-24 00:00:00
CUST-0256,Customer_256,VERIFIED,MEDIUM,RETAIL,IND,2023-10-09 00:00:00
CUST-0257,Customer_257,PENDING_REVERIFICATION,LOW,CORPORATE,IND,2023-12-27 00:00:00
CUST-0258,Customer_258,PENDING_REVERIFICATION,LOW,SME,IND,2024-11-22 00:00:00
CUST-0259,Customer_259,PENDING_REVERIFICATION,MEDIUM,SME,IND,2023-09-25 00:00:00
CUST-0260,Customer_260,VERIFIED,LOW,RETAIL,IND,2024-06-04 00:00:00
CUST-0261,Customer_261,VERIFIED,LOW,HNI,IND,2024-03-08 00:00:00
CUST-0262,Customer_262,VERIFIED,MEDIUM,HNI,IND,2023-09-17 00:00:00
CUST-0263,Customer_263,VERIFIED,LOW,RETAIL,IND,2025-07-01 00:00:00
CUST-0264,Customer_264,PENDING_REVERIFICATION,LOW,SME,IND,2024-05-02 00:00:00
CUST-0265,Customer_265,PENDING_REVERIFICATION,LOW,SME,IND,2024-08-15 00:00:00
CUST-0266,Customer_266,PENDING_REVERIFICATION,LOW,SME,IND,2023-09-19 00:00:00
CUST-0267,Customer_267,PENDING_REVERIFICATION,LOW,HNI,IND,2024-09-19 00:00:00
CUST-0268,Customer_268,VERIFIED,LOW,HNI,IND,2025-04-20 00:00:00
CUST-0269,Customer_269,VERIFIED,MEDIUM,HNI,IND,2024-11-23 00:00:00
CUST-0270,Customer_270,PENDING_REVERIFICATION,MEDIUM,RETAIL,IND,2024-06-05 00:00:00
CUST-0271,Customer_271,VERIFIED,LOW,SME,IND,2024-07-26 00:00:00
CUST-0272,Customer_272,VERIFIED,MEDIUM,HNI,IND,2024-03-16 00:00:00
CUST-0273,Customer_273,VERIFIED,HIGH,SME,IND,2023-10-24 00:00:00
CUST-0274,Customer_274,VERIFIED,MEDIUM,HNI,IND,2026-02-08 00:00:00
CUST-0275,Customer_275,PENDING_REVERIFICATION,HIGH,CORPORATE,IND,2025-01-21 00:00:00
CUST-0276,Customer_276,VERIFIED,LOW,CORPORATE,IND,2025-02-22 00:00:00
CUST-0277,Customer_277,VERIFIED,LOW,HNI,IND,2025-07-16 00:00:00
CUST-0278,Customer_278,VERIFIED,MEDIUM,CORPORATE,IND,2024-10-25 00:00:00
CUST-0279,Customer_279,VERIFIED,MEDIUM,HNI,IND,2025-02-04 00:00:00
CUST-0280,Customer_280,VERIFIED,HIGH,RETAIL,IND,2025-11-10 00:00:00
CUST-0281,Customer_281,VERIFIED,LOW,CORPORATE,IND,2025-10-18 00:00:00
CUST-0282,Customer_282,PENDING_REVERIFICATION,HIGH,SME,IND,2024-05-11 00:00:00
CUST-0283,Customer_283,VERIFIED,MEDIUM,HNI,IND,2025-03-30 00:00:00
CUST-0284,Customer_284,VERIFIED,LOW,RETAIL,IND,2025-12-16 00:00:00
CUST-0285,Customer_285,VERIFIED,LOW,CORPORATE,IND,2024-05-20 00:00:00
CUST-0286,Customer_286,PENDING_REVERIFICATION,LOW,RETAIL,IND,2023-10-29 00:00:00
CUST-0287,Customer_287,VERIFIED,HIGH,CORPORATE,IND,2025-03-09 00:00:00
CUST-0288,Customer_288,VERIFIED,LOW,RETAIL,IND,2025-03-04 00:00:00
CUST-0289,Customer_289,VERIFIED,LOW,CORPORATE,IND,2024-11-01 00:00:00
CUST-0290,Customer_290,VERIFIED,HIGH,CORPORATE,IND,2024-01-12 00:00:00
CUST-0291,Customer_291,VERIFIED,LOW,RETAIL,IND,2024-03-21 00:00:00
CUST-0292,Customer_292,PENDING_REVERIFICATION,MEDIUM,RETAIL,IND,2024-11-26 00:00:00
CUST-0293,Customer_293,PENDING_REVERIFICATION,LOW,CORPORATE,IND,2024-10-23 00:00:00
CUST-0294,Customer_294,VERIFIED,LOW,RETAIL,IND,2024-12-31 00:00:00
CUST-0295,Customer_295,VERIFIED,MEDIUM,RETAIL,IND,2025-06-05 00:00:00
CUST-0296,Customer_296,VERIFIED,MEDIUM,RETAIL,IND,2025-02-28 00:00:00
CUST-0297,Customer_297,VERIFIED,LOW,HNI,IND,2024-06-15 00:00:00
CUST-0298,Customer_298,VERIFIED,LOW,CORPORATE,IND,2023-12-10 00:00:00
CUST-0299,Customer_299,VERIFIED,LOW,SME,IND,2024-01-13 00:00:00
CUST-0300,Customer_300,VERIFIED,MEDIUM,RETAIL,IND,2024-07-10 00:00:00
CUST-0301,Customer_301,VERIFIED,LOW,CORPORATE,IND,2023-09-27 00:00:00
CUST-0302,Customer_302,VERIFIED,LOW,HNI,IND,2024-08-30 00:00:00
CUST-0303,Customer_303,PENDING_REVERIFICATION,LOW,RETAIL,IND,2024-08-02 00:00:00
CUST-0304,Customer_304,VERIFIED,HIGH,CORPORATE,IND,2025-04-30 00:00:00
CUST-0305,Customer_305,PENDING_REVERIFICATION,LOW,HNI,IND,2024-02-28 00:00:00
CUST-0306,Customer_306,PENDING_REVERIFICATION,LOW,SME,IND,2023-11-10 00:00:00
CUST-0307,Customer_307,VERIFIED,LOW,SME,IND,2025-11-01 00:00:00
CUST-0308,Customer_308,VERIFIED,LOW,HNI,IND,2024-06-16 00:00:00
CUST-0309,Customer_309,VERIFIED,LOW,RETAIL,IND,2024-04-16 00:00:00
CUST-0310,Customer_310,VERIFIED,MEDIUM,CORPORATE,IND,2024-06-05 00:00:00
CUST-0311,Customer_311,PENDING_REVERIFICATION,HIGH,CORPORATE,IND,2024-04-01 00:00:00
CUST-0312,Customer_312,VERIFIED,LOW,CORPORATE,IND,2024-01-10 00:00:00
CUST-0313,Customer_313,PENDING_REVERIFICATION,HIGH,SME,IND,2024-07-18 00:00:00
CUST-0314,Customer_314,PENDING_REVERIFICATION,LOW,RETAIL,IND,2024-01-05 00:00:00
CUST-0315,Customer_315,VERIFIED,MEDIUM,SME,IND,2023-12-03 00:00:00
CUST-0316,Customer_316,VERIFIED,MEDIUM,RETAIL,IND,2025-02-18 00:00:00
CUST-0317,Customer_317,PENDING_REVERIFICATION,MEDIUM,RETAIL,IND,2024-06-14 00:00:00
CUST-0318,Customer_318,VERIFIED,LOW,RETAIL,IND,2025-10-26 00:00:00
CUST-0319,Customer_319,VERIFIED,MEDIUM,SME,IND,2025-01-24 00:00:00
CUST-0320,Customer_320,VERIFIED,LOW,RETAIL,IND,2025-07-25 00:00:00
CUST-0321,Customer_321,VERIFIED,LOW,RETAIL,IND,2025-07-02 00:00:00
CUST-0322,Customer_322,VERIFIED,LOW,SME,IND,2023-09-15 00:00:00
CUST-0323,Customer_323,PENDING_REVERIFICATION,LOW,RETAIL,IND,2025-05-01 00:00:00
CUST-0324,Customer_324,VERIFIED,LOW,CORPORATE,IND,2025-07-02 00:00:00
CUST-0325,Customer_325,VERIFIED,LOW,RETAIL,IND,2023-12-01 00:00:00
CUST-0326,Customer_326,VERIFIED,HIGH,CORPORATE,IND,2026-01-15 00:00:00
CUST-0327,Customer_327,VERIFIED,MEDIUM,RETAIL,IND,2024-01-09 00:00:00
CUST-0328,Customer_328,VERIFIED,MEDIUM,SME,IND,2024-07-31 00:00:00
CUST-0329,Customer_329,PENDING_REVERIFICATION,LOW,RETAIL,IND,2024-12-24 00:00:00
CUST-0330,Customer_330,VERIFIED,LOW,SME,IND,2024-05-08 00:00:00
CUST-0331,Customer_331,VERIFIED,HIGH,CORPORATE,IND,2024-02-19 00:00:00
CUST-0332,Customer_332,VERIFIED,LOW,CORPORATE,IND,2024-07-14 00:00:00
CUST-0333,Customer_333,PENDING_REVERIFICATION,MEDIUM,CORPORATE,IND,2024-05-12 00:00:00
CUST-0334,Customer_334,VERIFIED,LOW,SME,IND,2023-12-18 00:00:00
CUST-0335,Customer_335,VERIFIED,LOW,CORPORATE,IND,2025-08-09 00:00:00
CUST-0336,Customer_336,VERIFIED,MEDIUM,HNI,IND,2025-07-26 00:00:00
CUST-0337,Customer_337,VERIFIED,LOW,SME,IND,2026-01-21 00:00:00
CUST-0338,Customer_338,VERIFIED,LOW,CORPORATE,IND,2025-01-22 00:00:00
CUST-0339,Customer_339,VERIFIED,LOW,CORPORATE,IND,2025-12-07 00:00:00
CUST-0340,Customer_340,VERIFIED,LOW,RETAIL,IND,2025-05-14 00:00:00
CUST-0341,Customer_341,VERIFIED,LOW,SME,IND,2025-06-04 00:00:00
CUST-0342,Customer_342,VERIFIED,LOW,RETAIL,IND,2023-11-01 00:00:00
CUST-0343,Customer_343,VERIFIED,LOW,CORPORATE,IND,2024-07-30 00:00:00
CUST-0344,Customer_344,VERIFIED,LOW,HNI,IND,2025-09-21 00:00:00
CUST-0345,Customer_345,VERIFIED,HIGH,SME,IND,2024-03-24 00:00:00
CUST-0346,Customer_346,VERIFIED,MEDIUM,SME,IND,2024-06-29 00:00:00
CUST-0347,Customer_347,PENDING_REVERIFICATION,LOW,HNI,IND,2025-08-13 00:00:00
CUST-0348,Customer_348,VERIFIED,LOW,CORPORATE,IND,2025-12-17 00:00:00
CUST-0349,Customer_349,VERIFIED,HIGH,SME,IND,2023-11-27 00:00:00
CUST-0350,Customer_350,VERIFIED,HIGH,SME,IND,2023-10-08 00:00:00
CUST-0351,Customer_351,VERIFIED,LOW,CORPORATE,IND,2024-05-12 00:00:00
CUST-0352,Customer_352,VERIFIED,LOW,HNI,IND,2025-05-23 00:00:00
CUST-0353,Customer_353,PENDING_REVERIFICATION,MEDIUM,RETAIL,IND,2025-07-24 00:00:00
CUST-0354,Customer_354,VERIFIED,LOW,SME,IND,2024-03-29 00:00:00
CUST-0355,Customer_355,PENDING_REVERIFICATION,LOW,CORPORATE,IND,2025-04-04 00:00:00
CUST-0356,Customer_356,VERIFIED,LOW,HNI,IND,2024-03-05 00:00:00
CUST-0357,Customer_357,VERIFIED,LOW,SME,IND,2024-01-09 00:00:00
CUST-0358,Customer_358,PENDING_REVERIFICATION,LOW,HNI,IND,2024-04-23 00:00:00
CUST-0359,Customer_359,VERIFIED,HIGH,RETAIL,IND,2026-01-22 00:00:00
CUST-0360,Customer_360,VERIFIED,LOW,RETAIL,IND,2024-05-21 00:00:00
CUST-0361,Customer_361,VERIFIED,LOW,SME,IND,2024-09-29 00:00:00
CUST-0362,Customer_362,PENDING_REVERIFICATION,LOW,HNI,IND,2026-01-09 00:00:00
CUST-0363,Customer_363,VERIFIED,HIGH,CORPORATE,IND,2024-03-22 00:00:00
CUST-0364,Customer_364,PENDING_REVERIFICATION,MEDIUM,RETAIL,IND,2024-05-22 00:00:00
CUST-0365,Customer_365,VERIFIED,LOW,HNI,IND,2024-08-16 00:00:00
CUST-0366,Customer_366,VERIFIED,HIGH,SME,IND,2023-11-28 00:00:00
CUST-0367,Customer_367,PENDING_REVERIFICATION,HIGH,RETAIL,IND,2024-05-11 00:00:00
CUST-0368,Customer_368,VERIFIED,MEDIUM,CORPORATE,IND,2024-03-25 00:00:00
CUST-0369,Customer_369,VERIFIED,HIGH,RETAIL,IND,2024-10-26 00:00:00
CUST-0370,Customer_370,VERIFIED,MEDIUM,CORPORATE,IND,2025-10-21 00:00:00
CUST-0371,Customer_371,VERIFIED,LOW,SME,IND,2025-10-24 00:00:00
CUST-0372,Customer_372,VERIFIED,MEDIUM,HNI,IND,2024-05-02 00:00:00
CUST-0373,Customer_373,VERIFIED,LOW,HNI,IND,2024-11-07 00:00:00
CUST-0374,Customer_374,VERIFIED,LOW,RETAIL,IND,2024-01-26 00:00:00
CUST-0375,Customer_375,PENDING_REVERIFICATION,LOW,HNI,IND,2025-01-14 00:00:00
CUST-0376,Customer_376,VERIFIED,LOW,SME,IND,2025-08-22 00:00:00
CUST-0377,Customer_377,VERIFIED,MEDIUM,SME,IND,2024-12-16 00:00:00
CUST-0378,Customer_378,PENDING_REVERIFICATION,HIGH,CORPORATE,IND,2025-07-31 00:00:00
CUST-0379,Customer_379,VERIFIED,MEDIUM,CORPORATE,IND,2023-10-06 00:00:00
CUST-0380,Customer_380,VERIFIED,LOW,CORPORATE,IND,2025-05-29 00:00:00
CUST-0381,Customer_381,VERIFIED,LOW,SME,IND,2024-08-07 00:00:00
CUST-0382,Customer_382,VERIFIED,LOW,SME,IND,2025-08-14 00:00:00
CUST-0383,Customer_383,VERIFIED,MEDIUM,HNI,IND,2025-07-11 00:00:00
CUST-0384,Customer_384,VERIFIED,LOW,CORPORATE,IND,2024-11-01 00:00:00
CUST-0385,Customer_385,PENDING_REVERIFICATION,LOW,SME,IND,2023-10-01 00:00:00
CUST-0386,Customer_386,VERIFIED,LOW,RETAIL,IND,2025-05-15 00:00:00
CUST-0387,Customer_387,PENDING_REVERIFICATION,LOW,RETAIL,IND,2024-01-04 00:00:00
CUST-0388,Customer_388,PENDING_REVERIFICATION,HIGH,CORPORATE,IND,2024-01-21 00:00:00
CUST-0389,Customer_389,VERIFIED,MEDIUM,RETAIL,IND,2025-10-22 00:00:00
CUST-0390,Customer_390,VERIFIED,LOW,RETAIL,IND,2024-09-05 00:00:00
CUST-0391,Customer_391,VERIFIED,LOW,SME,IND,2023-11-15 00:00:00
CUST-0392,Customer_392,VERIFIED,LOW,SME,IND,2024-06-03 00:00:00
CUST-0393,Customer_393,VERIFIED,LOW,SME,IND,2025-08-31 00:00:00
CUST-0394,Customer_394,VERIFIED,MEDIUM,SME,IND,2024-11-08 00:00:00
CUST-0395,Customer_395,VERIFIED,HIGH,HNI,IND,2025-05-25 00:00:00
CUST-0396,Customer_396,VERIFIED,MEDIUM,RETAIL,IND,2025-08-22 00:00:00
CUST-0397,Customer_397,PENDING_REVERIFICATION,LOW,SME,IND,2025-01-04 00:00:00
CUST-0398,Customer_398,VERIFIED,HIGH,RETAIL,IND,2025-12-12 00:00:00
CUST-0399,Customer_399,VERIFIED,LOW,RETAIL,IND,2024-05-21 00:00:00
CUST-0400,Customer_400,VERIFIED,LOW,RETAIL,IND,2026-01-31 00:00:00
CUST-0401,Customer_401,PENDING_REVERIFICATION,LOW,RETAIL,IND,2024-06-24 00:00:00
CUST-0402,Customer_402,VERIFIED,MEDIUM,RETAIL,IND,2025-08-02 00:00:00
CUST-0403,Customer_403,VERIFIED,MEDIUM,HNI,IND,2025-07-12 00:00:00
CUST-0404,Customer_404,VERIFIED,LOW,CORPORATE,IND,2026-01-19 00:00:00
CUST-0405,Customer_405,VERIFIED,LOW,SME,IND,2024-09-02 00:00:00
CUST-0406,Customer_406,PENDING_REVERIFICATION,MEDIUM,RETAIL,IND,2024-12-18 00:00:00
CUST-0407,Customer_407,PENDING_REVERIFICATION,LOW,RETAIL,IND,2025-04-15 00:00:00
CUST-0408,Customer_408,PENDING_REVERIFICATION,LOW,SME,IND,2025-11-28 00:00:00
CUST-0409,Customer_409,VERIFIED,LOW,HNI,IND,2026-01-23 00:00:00
CUST-0410,Customer_410,VERIFIED,HIGH,HNI,IND,2026-01-13 00:00:00
CUST-0411,Customer_411,VERIFIED,LOW,RETAIL,IND,2024-05-18 00:00:00
CUST-0412,Customer_412,VERIFIED,LOW,RETAIL,IND,2025-04-11 00:00:00
CUST-0413,Customer_413,VERIFIED,MEDIUM,HNI,IND,2024-01-10 00:00:00
CUST-0414,Customer_414,PENDING_REVERIFICATION,LOW,CORPORATE,IND,2024-10-05 00:00:00
CUST-0415,Customer_415,VERIFIED,LOW,SME,IND,2025-08-23 00:00:00
CUST-0416,Customer_416,VERIFIED,LOW,RETAIL,IND,2025-10-03 00:00:00
CUST-0417,Customer_417,PENDING_REVERIFICATION,MEDIUM,RETAIL,IND,2024-09-16 00:00:00
CUST-0418,Customer_418,VERIFIED,LOW,CORPORATE,IND,2024-10-24 00:00:00
CUST-0419,Customer_419,VERIFIED,LOW,CORPORATE,IND,2024-06-13 00:00:00
CUST-0420,Customer_420,VERIFIED,HIGH,HNI,IND,2025-07-28 00:00:00
CUST-0421,Customer_421,VERIFIED,LOW,HNI,IND,2024-10-06 00:00:00
CUST-0422,Customer_422,VERIFIED,LOW,CORPORATE,IND,2024-03-23 00:00:00
CUST-0423,Customer_423,VERIFIED,HIGH,CORPORATE,IND,2025-10-19 00:00:00
CUST-0424,Customer_424,VERIFIED,HIGH,RETAIL,IND,2025-10-06 00:00:00
CUST-0425,Customer_425,VERIFIED,LOW,CORPORATE,IND,2026-01-29 00:00:00
CUST-0426,Customer_426,PENDING_REVERIFICATION,MEDIUM,SME,IND,2025-04-06 00:00:00
CUST-0427,Customer_427,VERIFIED,HIGH,SME,IND,2025-12-26 00:00:00
CUST-0428,Customer_428,PENDING_REVERIFICATION,MEDIUM,HNI,IND,2023-11-09 00:00:00
CUST-0429,Customer_429,VERIFIED,LOW,CORPORATE,IND,2024-09-29 00:00:00
CUST-0430,Customer_430,PENDING_REVERIFICATION,HIGH,HNI,IND,2023-11-11 00:00:00
CUST-0431,Customer_431,VERIFIED,HIGH,CORPORATE,IND,2025-08-05 00:00:00
CUST-0432,Customer_432,VERIFIED,HIGH,RETAIL,IND,2025-10-03 00:00:00
CUST-0433,Customer_433,VERIFIED,LOW,CORPORATE,IND,2024-03-23 00:00:00
CUST-0434,Customer_434,VERIFIED,MEDIUM,SME,IND,2025-07-07 00:00:00
CUST-0435,Customer_435,PENDING_REVERIFICATION,MEDIUM,HNI,IND,2024-09-10 00:00:00
CUST-0436,Customer_436,VERIFIED,HIGH,RETAIL,IND,2024-04-18 00:00:00
CUST-0437,Customer_437,VERIFIED,LOW,HNI,IND,2024-03-02 00:00:00
CUST-0438,Customer_438,VERIFIED,LOW,HNI,IND,2026-01-25 00:00:00
CUST-0439,Customer_439,VERIFIED,LOW,CORPORATE,IND,2025-09-07 00:00:00
CUST-0440,Customer_440,VERIFIED,MEDIUM,RETAIL,IND,2023-12-11 00:00:00
CUST-0441,Customer_441,VERIFIED,LOW,CORPORATE,IND,2025-12-22 00:00:00
CUST-0442,Customer_442,VERIFIED,HIGH,CORPORATE,IND,2026-02-10 00:00:00
CUST-0443,Customer_443,VERIFIED,LOW,SME,IND,2025-10-21 00:00:00
CUST-0444,Customer_444,PENDING_REVERIFICATION,HIGH,RETAIL,IND,2023-11-04 00:00:00
CUST-0445,Customer_445,VERIFIED,LOW,HNI,IND,2024-01-16 00:00:00
CUST-0446,Customer_446,VERIFIED,LOW,HNI,IND,2025-01-24 00:00:00
CUST-0447,Customer_447,VERIFIED,MEDIUM,HNI,IND,2024-05-02 00:00:00
CUST-0448,Customer_448,PENDING_REVERIFICATION,HIGH,HNI,IND,2024-10-30 00:00:00
CUST-0449,Customer_449,PENDING_REVERIFICATION,LOW,HNI,IND,2025-11-16 00:00:00
CUST-0450,Customer_450,PENDING_REVERIFICATION,LOW,HNI,IND,2025-11-17 00:00:00
CUST-0451,Customer_451,VERIFIED,HIGH,SME,IND,2025-01-06 00:00:00
CUST-0452,Customer_452,VERIFIED,MEDIUM,RETAIL,IND,2026-02-01 00:00:00
CUST-0453,Customer_453,VERIFIED,LOW,HNI,IND,2024-08-14 00:00:00
CUST-0454,Customer_454,PENDING_REVERIFICATION,HIGH,CORPORATE,IND,2024-06-16 00:00:00
CUST-0455,Customer_455,VERIFIED,LOW,SME,IND,2025-07-10 00:00:00
CUST-0456,Customer_456,VERIFIED,MEDIUM,SME,IND,2023-12-19 00:00:00
CUST-0457,Customer_457,PENDING_REVERIFICATION,LOW,SME,IND,2026-01-18 00:00:00
CUST-0458,Customer_458,VERIFIED,LOW,SME,IND,2025-10-22 00:00:00
CUST-0459,Customer_459,VERIFIED,LOW,CORPORATE,IND,2025-08-07 00:00:00
CUST-0460,Customer_460,PENDING_REVERIFICATION,LOW,CORPORATE,IND,2025-12-09 00:00:00
CUST-0461,Customer_461,VERIFIED,LOW,SME,IND,2025-07-05 00:00:00
CUST-0462,Customer_462,VERIFIED,LOW,RETAIL,IND,2024-12-21 00:00:00
CUST-0463,Customer_463,VERIFIED,HIGH,SME,IND,2026-01-16 00:00:00
CUST-0464,Customer_464,PENDING_REVERIFICATION,HIGH,RETAIL,IND,2023-12-24 00:00:00
CUST-0465,Customer_465,VERIFIED,LOW,SME,IND,2025-07-14 00:00:00
CUST-0466,Customer_466,VERIFIED,MEDIUM,RETAIL,IND,2026-01-10 00:00:00
CUST-0467,Customer_467,VERIFIED,LOW,HNI,IND,2025-08-24 00:00:00
CUST-0468,Customer_468,VERIFIED,LOW,HNI,IND,2025-11-02 00:00:00
CUST-0469,Customer_469,VERIFIED,LOW,RETAIL,IND,2025-02-10 00:00:00
CUST-0470,Customer_470,VERIFIED,LOW,SME,IND,2024-08-26 00:00:00
CUST-0471,Customer_471,VERIFIED,HIGH,SME,IND,2023-11-04 00:00:00
CUST-0472,Customer_472,VERIFIED,HIGH,HNI,IND,2025-05-02 00:00:00
CUST-0473,Customer_473,VERIFIED,HIGH,RETAIL,IND,2023-09-24 00:00:00
CUST-0474,Customer_474,VERIFIED,LOW,CORPORATE,IND,2024-01-28 00:00:00
CUST-0475,Customer_475,VERIFIED,LOW,SME,IND,2023-11-26 00:00:00
CUST-0476,Customer_476,VERIFIED,LOW,HNI,IND,2025-08-16 00:00:00
CUST-0477,Customer_477,VERIFIED,LOW,CORPORATE,IND,2025-07-27 00:00:00
CUST-0478,Customer_478,PENDING_REVERIFICATION,HIGH,CORPORATE,IND,2024-10-12 00:00:00
CUST-0479,Customer_479,PENDING_REVERIFICATION,LOW,SME,IND,2024-02-22 00:00:00
CUST-0480,Customer_480,VERIFIED,LOW,SME,IND,2025-08-30 00:00:00
CUST-0481,Customer_481,VERIFIED,MEDIUM,SME,IND,2025-05-04 00:00:00
CUST-0482,Customer_482,VERIFIED,LOW,HNI,IND,2024-01-09 00:00:00
CUST-0483,Customer_483,PENDING_REVERIFICATION,MEDIUM,SME,IND,2023-10-21 00:00:00
CUST-0484,Customer_484,VERIFIED,LOW,CORPORATE,IND,2025-04-10 00:00:00
CUST-0485,Customer_485,VERIFIED,MEDIUM,CORPORATE,IND,2025-01-07 00:00:00
CUST-0486,Customer_486,VERIFIED,LOW,CORPORATE,IND,2025-11-23 00:00:00
CUST-0487,Customer_487,VERIFIED,HIGH,HNI,IND,2025-01-17 00:00:00
CUST-0488,Customer_488,VERIFIED,LOW,SME,IND,2026-01-31 00:00:00
CUST-0489,Customer_489,VERIFIED,HIGH,CORPORATE,IND,2025-02-13 00:00:00
CUST-0490,Customer_490,PENDING_REVERIFICATION,LOW,CORPORATE,IND,2026-01-03 00:00:00
CUST-0491,Customer_491,VERIFIED,MEDIUM,SME,IND,2024-03-11 00:00:00
CUST-0492,Customer_492,VERIFIED,LOW,HNI,IND,2024-09-18 00:00:00
CUST-0493,Customer_493,PENDING_REVERIFICATION,HIGH,HNI,IND,2025-01-19 00:00:00
CUST-0494,Customer_494,PENDING_REVERIFICATION,MEDIUM,RETAIL,IND,2026-02-11 00:00:00
CUST-0495,Customer_495,PENDING_REVERIFICATION,LOW,SME,IND,2025-05-04 00:00:00
CUST-0496,Customer_496,PENDING_REVERIFICATION,HIGH,SME,IND,2023-11-18 00:00:00
CUST-0497,Customer_497,VERIFIED,LOW,CORPORATE,IND,2025-08-23 00:00:00
CUST-0498,Customer_498,VERIFIED,LOW,CORPORATE,IND,2024-08-18 00:00:00
CUST-0499,Customer_499,VERIFIED,LOW,CORPORATE,IND,2025-01-19 00:00:00
CUST-0500,Customer_500,VERIFIED,MEDIUM,SME,IND,2025-01-19 00:00:00
CUST-0501,Customer_501,PENDING_REVERIFICATION,LOW,RETAIL,IND,2024-12-30 00:00:00
CUST-0502,Customer_502,VERIFIED,HIGH,RETAIL,IND,2024-09-28 00:00:00
CUST-0503,Customer_503,VERIFIED,LOW,HNI,IND,2024-07-15 00:00:00
CUST-0504,Customer_504,PENDING_REVERIFICATION,LOW,HNI,IND,2026-01-18 00:00:00
CUST-0505,Customer_505,PENDING_REVERIFICATION,MEDIUM,SME,IND,2025-06-12 00:00:00
CUST-0506,Customer_506,PENDING_REVERIFICATION,LOW,RETAIL,IND,2026-02-15 00:00:00
CUST-0507,Customer_507,VERIFIED,HIGH,CORPORATE,IND,2024-12-31 00:00:00
CUST-0508,Customer_508,VERIFIED,LOW,HNI,IND,2024-01-08 00:00:00
CUST-0509,Customer_509,VERIFIED,LOW,RETAIL,IND,2023-10-02 00:00:00
CUST-0510,Customer_510,PENDING_REVERIFICATION,LOW,RETAIL,IND,2024-05-19 00:00:00
CUST-0511,Customer_511,PENDING_REVERIFICATION,HIGH,HNI,IND,2024-05-30 00:00:00
CUST-0512,Customer_512,VERIFIED,LOW,HNI,IND,2024-09-29 00:00:00
CUST-0513,Customer_513,VERIFIED,LOW,CORPORATE,IND,2024-02-01 00:00:00
CUST-0514,Customer_514,VERIFIED,LOW,SME,IND,2025-07-14 00:00:00
CUST-0515,Customer_515,VERIFIED,MEDIUM,CORPORATE,IND,2025-05-18 00:00:00
CUST-0516,Customer_516,PENDING_REVERIFICATION,MEDIUM,SME,IND,2025-07-21 00:00:00
CUST-0517,Customer_517,VERIFIED,LOW,RETAIL,IND,2024-12-06 00:00:00
CUST-0518,Customer_518,PENDING_REVERIFICATION,MEDIUM,CORPORATE,IND,2024-06-21 00:00:00
CUST-0519,Customer_519,VERIFIED,LOW,SME,IND,2025-11-20 00:00:00
CUST-0520,Customer_520,VERIFIED,LOW,SME,IND,2025-04-21 00:00:00
CUST-0521,Customer_521,PENDING_REVERIFICATION,HIGH,CORPORATE,IND,2024-11-29 00:00:00
CUST-0522,Customer_522,VERIFIED,LOW,HNI,IND,2025-12-19 00:00:00
CUST-0523,Customer_523,VERIFIED,LOW,HNI,IND,2025-09-02 00:00:00
CUST-0524,Customer_524,VERIFIED,LOW,CORPORATE,IND,2024-03-01 00:00:00
CUST-0525,Customer_525,PENDING_REVERIFICATION,HIGH,CORPORATE,IND,2024-06-27 00:00:00
CUST-0526,Customer_526,VERIFIED,LOW,CORPORATE,IND,2023-10-20 00:00:00
CUST-0527,Customer_527,VERIFIED,LOW,HNI,IND,2023-12-26 00:00:00
CUST-0528,Customer_528,VERIFIED,LOW,SME,IND,2024-01-22 00:00:00
CUST-0529,Customer_529,PENDING_REVERIFICATION,LOW,SME,IND,2024-04-12 00:00:00
CUST-0530,Customer_530,VERIFIED,LOW,SME,IND,2025-09-21 00:00:00
CUST-0531,Customer_531,VERIFIED,LOW,CORPORATE,IND,2025-04-26 00:00:00
CUST-0532,Customer_532,VERIFIED,LOW,CORPORATE,IND,2025-03-30 00:00:00
CUST-0533,Customer_533,PENDING_REVERIFICATION,HIGH,HNI,IND,2024-10-29 00:00:00
CUST-0534,Customer_534,VERIFIED,MEDIUM,CORPORATE,IND,2025-07-14 00:00:00
CUST-0535,Customer_535,VERIFIED,LOW,HNI,IND,2024-12-08 00:00:00
CUST-0536,Customer_536,VERIFIED,MEDIUM,SME,IND,2025-04-05 00:00:00
CUST-0537,Customer_537,VERIFIED,LOW,RETAIL,IND,2025-04-28 00:00:00
CUST-0538,Customer_538,VERIFIED,HIGH,SME,IND,2024-12-28 00:00:00
CUST-0539,Customer_539,VERIFIED,HIGH,CORPORATE,IND,2025-02-17 00:00:00
CUST-0540,Customer_540,VERIFIED,LOW,RETAIL,IND,2026-01-24 00:00:00
CUST-0541,Customer_541,PENDING_REVERIFICATION,LOW,SME,IND,2025-10-26 00:00:00
CUST-0542,Customer_542,VERIFIED,HIGH,RETAIL,IND,2026-02-21 00:00:00
CUST-0543,Customer_543,VERIFIED,LOW,HNI,IND,2025-12-18 00:00:00
CUST-0544,Customer_544,VERIFIED,MEDIUM,RETAIL,IND,2025-06-02 00:00:00
CUST-0545,Customer_545,VERIFIED,HIGH,HNI,IND,2024-11-03 00:00:00
CUST-0546,Customer_546,VERIFIED,HIGH,SME,IND,2023-10-27 00:00:00
CUST-0547,Customer_547,PENDING_REVERIFICATION,LOW,RETAIL,IND,2025-12-11 00:00:00
CUST-0548,Customer_548,VERIFIED,LOW,SME,IND,2024-02-23 00:00:00
CUST-0549,Customer_549,VERIFIED,LOW,SME,IND,2025-01-30 00:00:00
CUST-0550,Customer_550,VERIFIED,LOW,RETAIL,IND,2025-02-23 00:00:00
CUST-0551,Customer_551,PENDING_REVERIFICATION,LOW,HNI,IND,2024-05-29 00:00:00
CUST-0552,Customer_552,VERIFIED,LOW,RETAIL,IND,2024-04-08 00:00:00
CUST-0553,Customer_553,VERIFIED,LOW,SME,IND,2024-07-16 00:00:00
CUST-0554,Customer_554,VERIFIED,HIGH,HNI,IND,2024-04-25 00:00:00
CUST-0555,Customer_555,VERIFIED,HIGH,RETAIL,IND,2025-05-07 00:00:00
CUST-0556,Customer_556,VERIFIED,LOW,RETAIL,IND,2023-12-06 00:00:00
CUST-0557,Customer_557,VERIFIED,LOW,HNI,IND,2024-10-12 00:00:00
CUST-0558,Customer_558,VERIFIED,LOW,CORPORATE,IND,2024-05-01 00:00:00
CUST-0559,Customer_559,PENDING_REVERIFICATION,HIGH,SME,IND,2023-10-01 00:00:00
CUST-0560,Customer_560,VERIFIED,MEDIUM,SME,IND,2025-05-02 00:00:00
CUST-0561,Customer_561,VERIFIED,LOW,CORPORATE,IND,2025-04-17 00:00:00
CUST-0562,Customer_562,VERIFIED,HIGH,RETAIL,IND,2025-03-17 00:00:00
CUST-0563,Customer_563,VERIFIED,HIGH,RETAIL,IND,2024-02-02 00:00:00
CUST-0564,Customer_564,PENDING_REVERIFICATION,LOW,SME,IND,2024-09-05 00:00:00
CUST-0565,Customer_565,VERIFIED,MEDIUM,HNI,IND,2024-01-10 00:00:00
CUST-0566,Customer_566,VERIFIED,LOW,SME,IND,2025-03-28 00:00:00
CUST-0567,Customer_567,PENDING_REVERIFICATION,LOW,CORPORATE,IND,2024-03-01 00:00:00
CUST-0568,Customer_568,VERIFIED,LOW,RETAIL,IND,2024-05-02 00:00:00
CUST-0569,Customer_569,VERIFIED,MEDIUM,RETAIL,IND,2025-07-15 00:00:00
CUST-0570,Customer_570,VERIFIED,MEDIUM,SME,IND,2026-01-29 00:00:00
CUST-0571,Customer_571,PENDING_REVERIFICATION,HIGH,SME,IND,2025-09-13 00:00:00
CUST-0572,Customer_572,PENDING_REVERIFICATION,MEDIUM,RETAIL,IND,2024-04-30 00:00:00
CUST-0573,Customer_573,VERIFIED,LOW,HNI,IND,2025-12-07 00:00:00
CUST-0574,Customer_574,PENDING_REVERIFICATION,HIGH,RETAIL,IND,2025-05-18 00:00:00
CUST-0575,Customer_575,VERIFIED,LOW,CORPORATE,IND,2025-05-17 00:00:00
CUST-0576,Customer_576,PENDING_REVERIFICATION,MEDIUM,CORPORATE,IND,2025-01-22 00:00:00
CUST-0577,Customer_577,VERIFIED,HIGH,CORPORATE,IND,2024-04-24 00:00:00
CUST-0578,Customer_578,VERIFIED,HIGH,RETAIL,IND,2025-04-12 00:00:00
CUST-0579,Customer_579,VERIFIED,LOW,CORPORATE,IND,2023-10-29 00:00:00
CUST-0580,Customer_580,VERIFIED,LOW,SME,IND,2026-01-06 00:00:00
CUST-0581,Customer_581,PENDING_REVERIFICATION,HIGH,SME,IND,2024-12-15 00:00:00
CUST-0582,Customer_582,VERIFIED,LOW,SME,IND,2025-08-13 00:00:00
CUST-0583,Customer_583,VERIFIED,LOW,CORPORATE,IND,2024-01-06 00:00:00
CUST-0584,Customer_584,VERIFIED,HIGH,RETAIL,IND,2024-02-06 00:00:00
CUST-0585,Customer_585,PENDING_REVERIFICATION,LOW,CORPORATE,IND,2024-11-30 00:00:00
CUST-0586,Customer_586,VERIFIED,MEDIUM,HNI,IND,2024-03-17 00:00:00
CUST-0587,Customer_587,VERIFIED,MEDIUM,CORPORATE,IND,2025-04-24 00:00:00
CUST-0588,Customer_588,VERIFIED,LOW,HNI,IND,2026-02-08 00:00:00
CUST-0589,Customer_589,VERIFIED,HIGH,SME,IND,2024-08-09 00:00:00
CUST-0590,Customer_590,VERIFIED,LOW,SME,IND,2023-11-03 00:00:00
CUST-0591,Customer_591,VERIFIED,LOW,SME,IND,2024-05-22 00:00:00
CUST-0592,Customer_592,PENDING_REVERIFICATION,HIGH,CORPORATE,IND,2024-08-23 00:00:00
CUST-0593,Customer_593,VERIFIED,MEDIUM,CORPORATE,IND,2024-09-10 00:00:00
CUST-0594,Customer_594,PENDING_REVERIFICATION,HIGH,SME,IND,2024-07-16 00:00:00
CUST-0595,Customer_595,PENDING_REVERIFICATION,LOW,CORPORATE,IND,2024-06-23 00:00:00
CUST-0596,Customer_596,PENDING_REVERIFICATION,HIGH,SME,IND,2025-04-03 00:00:00
CUST-0597,Customer_597,PENDING_REVERIFICATION,LOW,CORPORATE,IND,2024-12-09 00:00:00
CUST-0598,Customer_598,VERIFIED,LOW,SME,IND,2024-01-03 00:00:00
CUST-0599,Customer_599,VERIFIED,HIGH,HNI,IND,2023-10-10 00:00:00
CUST-0600,Customer_600,PENDING_REVERIFICATION,MEDIUM,RETAIL,IND,2024-08-17 00:00:00
CUST-0601,Customer_601,PENDING_REVERIFICATION,HIGH,SME,IND,2025-08-13 00:00:00
CUST-0602,Customer_602,VERIFIED,MEDIUM,HNI,IND,2025-05-30 00:00:00
CUST-0603,Customer_603,VERIFIED,HIGH,CORPORATE,IND,2025-12-14 00:00:00
CUST-0604,Customer_604,PENDING_REVERIFICATION,MEDIUM,SME,IND,2024-09-06 00:00:00
CUST-0605,Customer_605,VERIFIED,MEDIUM,SME,IND,2026-01-09 00:00:00
CUST-0606,Customer_606,VERIFIED,LOW,RETAIL,IND,2025-12-10 00:00:00
CUST-0607,Customer_607,VERIFIED,MEDIUM,HNI,IND,2023-10-22 00:00:00
CUST-0608,Customer_608,VERIFIED,HIGH,RETAIL,IND,2025-07-27 00:00:00
CUST-0609,Customer_609,VERIFIED,MEDIUM,SME,IND,2026-01-20 00:00:00
CUST-0610,Customer_610,VERIFIED,HIGH,RETAIL,IND,2024-10-23 00:00:00
CUST-0611,Customer_611,PENDING_REVERIFICATION,MEDIUM,SME,IND,2024-03-13 00:00:00
CUST-0612,Customer_612,VERIFIED,LOW,CORPORATE,IND,2024-07-01 00:00:00
CUST-0613,Customer_613,VERIFIED,LOW,RETAIL,IND,2023-09-23 00:00:00
CUST-0614,Customer_614,PENDING_REVERIFICATION,HIGH,HNI,IND,2024-06-06 00:00:00
CUST-0615,Customer_615,VERIFIED,HIGH,HNI,IND,2025-10-01 00:00:00
CUST-0616,Customer_616,PENDING_REVERIFICATION,LOW,CORPORATE,IND,2023-09-12 00:00:00
CUST-0617,Customer_617,VERIFIED,LOW,RETAIL,IND,2024-02-04 00:00:00
CUST-0618,Customer_618,VERIFIED,LOW,SME,IND,2023-09-25 00:00:00
CUST-0619,Customer_619,VERIFIED,LOW,SME,IND,2024-07-13 00:00:00
CUST-0620,Customer_620,VERIFIED,MEDIUM,CORPORATE,IND,2025-08-12 00:00:00
CUST-0621,Customer_621,PENDING_REVERIFICATION,MEDIUM,CORPORATE,IND,2023-12-24 00:00:00
CUST-0622,Customer_622,VERIFIED,MEDIUM,RETAIL,IND,2025-04-13 00:00:00
CUST-0623,Customer_623,PENDING_REVERIFICATION,LOW,HNI,IND,2025-07-07 00:00:00
CUST-0624,Customer_624,VERIFIED,LOW,SME,IND,2025-02-07 00:00:00
CUST-0625,Customer_625,VERIFIED,HIGH,CORPORATE,IND,2024-10-19 00:00:00
CUST-0626,Customer_626,VERIFIED,LOW,HNI,IND,2024-02-07 00:00:00
CUST-0627,Customer_627,PENDING_REVERIFICATION,LOW,SME,IND,2023-09-10 00:00:00
CUST-0628,Customer_628,VERIFIED,LOW,HNI,IND,2023-11-01 00:00:00
CUST-0629,Customer_629,VERIFIED,HIGH,CORPORATE,IND,2025-05-12 00:00:00
CUST-0630,Customer_630,VERIFIED,HIGH,HNI,IND,2025-04-11 00:00:00
CUST-0631,Customer_631,VERIFIED,LOW,SME,IND,2023-10-26 00:00:00
CUST-0632,Customer_632,VERIFIED,LOW,SME,IND,2024-07-11 00:00:00
CUST-0633,Customer_633,VERIFIED,HIGH,HNI,IND,2024-09-18 00:00:00
CUST-0634,Customer_634,VERIFIED,LOW,SME,IND,2023-11-28 00:00:00
CUST-0635,Customer_635,PENDING_REVERIFICATION,LOW,SME,IND,2025-12-08 00:00:00
CUST-0636,Customer_636,VERIFIED,HIGH,CORPORATE,IND,2025-01-13 00:00:00
CUST-0637,Customer_637,VERIFIED,MEDIUM,RETAIL,IND,2025-10-05 00:00:00
CUST-0638,Customer_638,VERIFIED,LOW,RETAIL,IND,2023-11-19 00:00:00
CUST-0639,Customer_639,VERIFIED,LOW,CORPORATE,IND,2025-02-09 00:00:00
CUST-0640,Customer_640,VERIFIED,LOW,CORPORATE,IND,2025-08-21 00:00:00
CUST-0641,Customer_641,PENDING_REVERIFICATION,HIGH,SME,IND,2024-08-16 00:00:00
CUST-0642,Customer_642,VERIFIED,LOW,RETAIL,IND,2025-08-24 00:00:00
CUST-0643,Customer_643,PENDING_REVERIFICATION,LOW,RETAIL,IND,2024-02-23 00:00:00
CUST-0644,Customer_644,VERIFIED,LOW,CORPORATE,IND,2025-02-24 00:00:00
CUST-0645,Customer_645,VERIFIED,MEDIUM,RETAIL,IND,2025-03-27 00:00:00
CUST-0646,Customer_646,VERIFIED,LOW,HNI,IND,2025-12-31 00:00:00
CUST-0647,Customer_647,VERIFIED,LOW,CORPORATE,IND,2025-12-14 00:00:00
CUST-0648,Customer_648,VERIFIED,MEDIUM,SME,IND,2023-09-16 00:00:00
CUST-0649,Customer_649,VERIFIED,LOW,CORPORATE,IND,2023-12-30 00:00:00
CUST-0650,Customer_650,VERIFIED,LOW,HNI,IND,2023-10-08 00:00:00
CUST-0651,Customer_651,VERIFIED,HIGH,HNI,IND,2026-01-03 00:00:00
CUST-0652,Customer_652,VERIFIED,LOW,CORPORATE,IND,2024-02-18 00:00:00
CUST-0653,Customer_653,VERIFIED,LOW,RETAIL,IND,2024-09-08 00:00:00
CUST-0654,Customer_654,VERIFIED,LOW,HNI,IND,2024-09-25 00:00:00
CUST-0655,Customer_655,VERIFIED,LOW,RETAIL,IND,2023-12-03 00:00:00
CUST-0656,Customer_656,VERIFIED,HIGH,RETAIL,IND,2024-03-13 00:00:00
CUST-0657,Customer_657,PENDING_REVERIFICATION,LOW,HNI,IND,2025-09-28 00:00:00
CUST-0658,Customer_658,PENDING_REVERIFICATION,LOW,SME,IND,2025-06-28 00:00:00
CUST-0659,Customer_659,VERIFIED,LOW,HNI,IND,2023-12-01 00:00:00
CUST-0660,Customer_660,VERIFIED,LOW,CORPORATE,IND,2025-05-22 00:00:00
CUST-0661,Customer_661,VERIFIED,LOW,RETAIL,IND,2024-06-16 00:00:00
CUST-0662,Customer_662,VERIFIED,LOW,HNI,IND,2024-01-30 00:00:00
CUST-0663,Customer_663,VERIFIED,HIGH,RETAIL,IND,2024-11-03 00:00:00
CUST-0664,Customer_664,VERIFIED,LOW,CORPORATE,IND,2025-11-20 00:00:00
CUST-0665,Customer_665,VERIFIED,HIGH,CORPORATE,IND,2025-07-20 00:00:00
CUST-0666,Customer_666,VERIFIED,LOW,CORPORATE,IND,2025-02-13 00:00:00
CUST-0667,Customer_667,VERIFIED,MEDIUM,RETAIL,IND,2025-04-04 00:00:00
CUST-0668,Customer_668,PENDING_REVERIFICATION,HIGH,CORPORATE,IND,2025-12-30 00:00:00
CUST-0669,Customer_669,VERIFIED,LOW,HNI,IND,2023-12-21 00:00:00
CUST-0670,Customer_670,PENDING_REVERIFICATION,MEDIUM,RETAIL,IND,2025-09-26 00:00:00
CUST-0671,Customer_671,VERIFIED,LOW,HNI,IND,2023-11-28 00:00:00
CUST-0672,Customer_672,VERIFIED,MEDIUM,SME,IND,2024-03-16 00:00:00
CUST-0673,Customer_673,VERIFIED,MEDIUM,RETAIL,IND,2024-02-08 00:00:00
CUST-0674,Customer_674,PENDING_REVERIFICATION,LOW,RETAIL,IND,2024-09-27 00:00:00
CUST-0675,Customer_675,VERIFIED,HIGH,RETAIL,IND,2024-08-20 00:00:00
CUST-0676,Customer_676,PENDING_REVERIFICATION,LOW,CORPORATE,IND,2024-10-31 00:00:00
CUST-0677,Customer_677,VERIFIED,LOW,CORPORATE,IND,2025-05-17 00:00:00
CUST-0678,Customer_678,VERIFIED,LOW,HNI,IND,2024-10-04 00:00:00
CUST-0679,Customer_679,VERIFIED,LOW,CORPORATE,IND,2024-05-12 00:00:00
CUST-0680,Customer_680,VERIFIED,LOW,HNI,IND,2025-10-22 00:00:00
CUST-0681,Customer_681,VERIFIED,LOW,RETAIL,IND,2024-10-08 00:00:00
CUST-0682,Customer_682,VERIFIED,MEDIUM,RETAIL,IND,2025-05-15 00:00:00
CUST-0683,Customer_683,VERIFIED,LOW,SME,IND,2025-11-09 00:00:00
CUST-0684,Customer_684,VERIFIED,LOW,RETAIL,IND,2025-01-12 00:00:00
CUST-0685,Customer_685,VERIFIED,MEDIUM,CORPORATE,IND,2024-11-21 00:00:00
CUST-0686,Customer_686,VERIFIED,LOW,CORPORATE,IND,2026-01-31 00:00:00
CUST-0687,Customer_687,VERIFIED,HIGH,RETAIL,IND,2024-09-02 00:00:00
CUST-0688,Customer_688,VERIFIED,HIGH,HNI,IND,2024-09-08 00:00:00
CUST-0689,Customer_689,VERIFIED,LOW,RETAIL,IND,2024-11-21 00:00:00
CUST-0690,Customer_690,PENDING_REVERIFICATION,LOW,RETAIL,IND,2025-07-07 00:00:00
CUST-0691,Customer_691,VERIFIED,MEDIUM,SME,IND,2024-09-29 00:00:00
CUST-0692,Customer_692,VERIFIED,MEDIUM,RETAIL,IND,2025-10-22 00:00:00
CUST-0693,Customer_693,PENDING_REVERIFICATION,HIGH,CORPORATE,IND,2024-10-15 00:00:00
CUST-0694,Customer_694,PENDING_REVERIFICATION,LOW,SME,IND,2024-11-19 00:00:00
CUST-0695,Customer_695,PENDING_REVERIFICATION,HIGH,HNI,IND,2024-09-28 00:00:00
CUST-0696,Customer_696,PENDING_REVERIFICATION,HIGH,RETAIL,IND,2024-11-01 00:00:00
CUST-0697,Customer_697,PENDING_REVERIFICATION,MEDIUM,RETAIL,IND,2025-08-12 00:00:00
CUST-0698,Customer_698,VERIFIED,LOW,HNI,IND,2025-01-19 00:00:00
CUST-0699,Customer_699,VERIFIED,HIGH,CORPORATE,IND,2024-03-04 00:00:00
CUST-0700,Customer_700,PENDING_REVERIFICATION,LOW,HNI,IND,2024-12-02 00:00:00
CUST-0701,Customer_701,VERIFIED,MEDIUM,SME,IND,2025-05-24 00:00:00
CUST-0702,Customer_702,PENDING_REVERIFICATION,LOW,RETAIL,IND,2025-03-21 00:00:00
CUST-0703,Customer_703,VERIFIED,MEDIUM,CORPORATE,IND,2024-04-11 00:00:00
CUST-0704,Customer_704,VERIFIED,LOW,HNI,IND,2024-11-09 00:00:00
CUST-0705,Customer_705,VERIFIED,LOW,CORPORATE,IND,2024-04-07 00:00:00
CUST-0706,Customer_706,PENDING_REVERIFICATION,LOW,RETAIL,IND,2023-11-09 00:00:00
CUST-0707,Customer_707,VERIFIED,LOW,CORPORATE,IND,2025-11-16 00:00:00
CUST-0708,Customer_708,VERIFIED,LOW,HNI,IND,2025-07-20 00:00:00
CUST-0709,Customer_709,VERIFIED,MEDIUM,HNI,IND,2025-12-30 00:00:00
CUST-0710,Customer_710,VERIFIED,LOW,RETAIL,IND,2024-04-09 00:00:00
CUST-0711,Customer_711,VERIFIED,HIGH,RETAIL,IND,2025-02-05 00:00:00
CUST-0712,Customer_712,VERIFIED,LOW,RETAIL,IND,2024-12-23 00:00:00
CUST-0713,Customer_713,PENDING_REVERIFICATION,LOW,CORPORATE,IND,2024-09-25 00:00:00
CUST-0714,Customer_714,VERIFIED,LOW,HNI,IND,2023-11-09 00:00:00
CUST-0715,Customer_715,VERIFIED,MEDIUM,HNI,IND,2024-12-19 00:00:00
CUST-0716,Customer_716,PENDING_REVERIFICATION,LOW,RETAIL,IND,2023-11-26 00:00:00
CUST-0717,Customer_717,VERIFIED,MEDIUM,HNI,IND,2025-02-04 00:00:00
CUST-0718,Customer_718,VERIFIED,LOW,CORPORATE,IND,2025-03-25 00:00:00
CUST-0719,Customer_719,VERIFIED,MEDIUM,SME,IND,2024-01-13 00:00:00
CUST-0720,Customer_720,PENDING_REVERIFICATION,LOW,CORPORATE,IND,2023-10-19 00:00:00
CUST-0721,Customer_721,VERIFIED,LOW,RETAIL,IND,2025-10-02 00:00:00
CUST-0722,Customer_722,VERIFIED,LOW,CORPORATE,IND,2025-01-19 00:00:00
CUST-0723,Customer_723,VERIFIED,MEDIUM,CORPORATE,IND,2025-07-23 00:00:00
CUST-0724,Customer_724,PENDING_REVERIFICATION,MEDIUM,CORPORATE,IND,2025-01-16 00:00:00
CUST-0725,Customer_725,PENDING_REVERIFICATION,HIGH,CORPORATE,IND,2025-12-09 00:00:00
CUST-0726,Customer_726,PENDING_REVERIFICATION,HIGH,CORPORATE,IND,2024-01-01 00:00:00
CUST-0727,Customer_727,VERIFIED,LOW,CORPORATE,IND,2025-05-19 00:00:00
CUST-0728,Customer_728,VERIFIED,HIGH,SME,IND,2026-01-21 00:00:00
CUST-0729,Customer_729,VERIFIED,MEDIUM,CORPORATE,IND,2025-05-01 00:00:00
CUST-0730,Customer_730,PENDING_REVERIFICATION,LOW,HNI,IND,2025-04-16 00:00:00
CUST-0731,Customer_731,VERIFIED,HIGH,RETAIL,IND,2026-01-06 00:00:00
CUST-0732,Customer_732,VERIFIED,MEDIUM,RETAIL,IND,2023-12-15 00:00:00
CUST-0733,Customer_733,VERIFIED,HIGH,RETAIL,IND,2024-10-01 00:00:00
CUST-0734,Customer_734,VERIFIED,MEDIUM,SME,IND,2025-02-19 00:00:00
CUST-0735,Customer_735,VERIFIED,LOW,HNI,IND,2024-06-20 00:00:00
CUST-0736,Customer_736,PENDING_REVERIFICATION,LOW,SME,IND,2026-02-07 00:00:00
CUST-0737,Customer_737,VERIFIED,LOW,HNI,IND,2025-11-11 00:00:00
CUST-0738,Customer_738,PENDING_REVERIFICATION,LOW,CORPORATE,IND,2024-12-02 00:00:00
CUST-0739,Customer_739,VERIFIED,HIGH,CORPORATE,IND,2025-04-06 00:00:00
CUST-0740,Customer_740,VERIFIED,LOW,RETAIL,IND,2024-03-15 00:00:00
CUST-0741,Customer_741,VERIFIED,LOW,CORPORATE,IND,2026-01-04 00:00:00
CUST-0742,Customer_742,PENDING_REVERIFICATION,MEDIUM,RETAIL,IND,2024-02-10 00:00:00
CUST-0743,Customer_743,VERIFIED,MEDIUM,SME,IND,2026-01-07 00:00:00
CUST-0744,Customer_744,VERIFIED,HIGH,CORPORATE,IND,2024-03-14 00:00:00
CUST-0745,Customer_745,VERIFIED,MEDIUM,HNI,IND,2024-04-16 00:00:00
CUST-0746,Customer_746,VERIFIED,MEDIUM,HNI,IND,2025-05-03 00:00:00
CUST-0747,Customer_747,VERIFIED,LOW,CORPORATE,IND,2023-12-13 00:00:00
CUST-0748,Customer_748,VERIFIED,MEDIUM,CORPORATE,IND,2025-04-23 00:00:00
CUST-0749,Customer_749,VERIFIED,LOW,HNI,IND,2024-08-10 00:00:00
CUST-0750,Customer_750,VERIFIED,LOW,HNI,IND,2025-10-08 00:00:00
CUST-0751,Customer_751,VERIFIED,LOW,RETAIL,IND,2024-05-19 00:00:00
CUST-0752,Customer_752,VERIFIED,LOW,SME,IND,2025-11-27 00:00:00
CUST-0753,Customer_753,PENDING_REVERIFICATION,MEDIUM,RETAIL,IND,2025-05-20 00:00:00
CUST-0754,Customer_754,VERIFIED,LOW,HNI,IND,2024-08-03 00:00:00
CUST-0755,Customer_755,VERIFIED,MEDIUM,HNI,IND,2023-12-01 00:00:00
CUST-0756,Customer_756,VERIFIED,MEDIUM,HNI,IND,2024-06-18 00:00:00
CUST-0757,Customer_757,VERIFIED,MEDIUM,RETAIL,IND,2024-01-14 00:00:00
CUST-0758,Customer_758,PENDING_REVERIFICATION,LOW,RETAIL,IND,2026-02-05 00:00:00
CUST-0759,Customer_759,VERIFIED,HIGH,RETAIL,IND,2025-12-26 00:00:00
CUST-0760,Customer_760,VERIFIED,LOW,HNI,IND,2025-05-06 00:00:00
CUST-0761,Customer_761,PENDING_REVERIFICATION,HIGH,CORPORATE,IND,2025-02-11 00:00:00
CUST-0762,Customer_762,VERIFIED,LOW,RETAIL,IND,2025-02-26 00:00:00
CUST-0763,Customer_763,VERIFIED,LOW,CORPORATE,IND,2023-10-31 00:00:00
CUST-0764,Customer_764,PENDING_REVERIFICATION,LOW,CORPORATE,IND,2025-04-13 00:00:00
CUST-0765,Customer_765,PENDING_REVERIFICATION,HIGH,RETAIL,IND,2026-01-15 00:00:00
CUST-0766,Customer_766,VERIFIED,LOW,RETAIL,IND,2026-01-07 00:00:00
CUST-0767,Customer_767,VERIFIED,LOW,HNI,IND,2026-01-20 00:00:00
CUST-0768,Customer_768,VERIFIED,LOW,CORPORATE,IND,2025-02-03 00:00:00
CUST-0769,Customer_769,VERIFIED,MEDIUM,CORPORATE,IND,2025-11-30 00:00:00
CUST-0770,Customer_770,VERIFIED,LOW,CORPORATE,IND,2023-12-15 00:00:00
CUST-0771,Customer_771,PENDING_REVERIFICATION,LOW,CORPORATE,IND,2023-10-23 00:00:00
CUST-0772,Customer_772,VERIFIED,LOW,SME,IND,2025-02-27 00:00:00
CUST-0773,Customer_773,VERIFIED,LOW,RETAIL,IND,2025-01-07 00:00:00
CUST-0774,Customer_774,VERIFIED,HIGH,RETAIL,IND,2025-05-28 00:00:00
CUST-0775,Customer_775,VERIFIED,LOW,HNI,IND,2024-11-24 00:00:00
CUST-0776,Customer_776,PENDING_REVERIFICATION,LOW,RETAIL,IND,2025-11-20 00:00:00
CUST-0777,Customer_777,VERIFIED,LOW,HNI,IND,2024-05-21 00:00:00
CUST-0778,Customer_778,VERIFIED,MEDIUM,CORPORATE,IND,2024-12-10 00:00:00
CUST-0779,Customer_779,VERIFIED,LOW,RETAIL,IND,2024-04-29 00:00:00
CUST-0780,Customer_780,VERIFIED,LOW,HNI,IND,2024-03-01 00:00:00
CUST-0781,Customer_781,VERIFIED,HIGH,HNI,IND,2025-03-20 00:00:00
CUST-0782,Customer_782,VERIFIED,MEDIUM,RETAIL,IND,2025-11-22 00:00:00
CUST-0783,Customer_783,VERIFIED,MEDIUM,SME,IND,2024-11-22 00:00:00
CUST-0784,Customer_784,PENDING_REVERIFICATION,LOW,HNI,IND,2024-12-13 00:00:00
CUST-0785,Customer_785,VERIFIED,LOW,SME,IND,2024-07-14 00:00:00
CUST-0786,Customer_786,VERIFIED,LOW,RETAIL,IND,2025-10-20 00:00:00
CUST-0787,Customer_787,VERIFIED,MEDIUM,HNI,IND,2026-01-07 00:00:00
CUST-0788,Customer_788,VERIFIED,LOW,SME,IND,2023-12-28 00:00:00
CUST-0789,Customer_789,VERIFIED,LOW,CORPORATE,IND,2025-11-13 00:00:00
CUST-0790,Customer_790,PENDING_REVERIFICATION,LOW,HNI,IND,2023-09-30 00:00:00
CUST-0791,Customer_791,VERIFIED,HIGH,SME,IND,2025-11-02 00:00:00
CUST-0792,Customer_792,VERIFIED,LOW,HNI,IND,2024-07-19 00:00:00
CUST-0793,Customer_793,VERIFIED,HIGH,HNI,IND,2025-05-06 00:00:00
CUST-0794,Customer_794,VERIFIED,LOW,RETAIL,IND,2023-09-08 00:00:00
CUST-0795,Customer_795,VERIFIED,LOW,RETAIL,IND,2023-12-04 00:00:00
CUST-0796,Customer_796,VERIFIED,LOW,CORPORATE,IND,2024-02-05 00:00:00
CUST-0797,Customer_797,PENDING_REVERIFICATION,LOW,RETAIL,IND,2026-02-07 00:00:00
CUST-0798,Customer_798,VERIFIED,LOW,CORPORATE,IND,2024-01-24 00:00:00
CUST-0799,Customer_799,PENDING_REVERIFICATION,LOW,SME,IND,2025-08-07 00:00:00
CUST-0800,Customer_800,VERIFIED,HIGH,SME,IND,2025-02-16 00:00:00
CUST-0801,Customer_801,VERIFIED,LOW,RETAIL,IND,2023-12-25 00:00:00
CUST-0802,Customer_802,VERIFIED,LOW,CORPORATE,IND,2024-09-18 00:00:00
CUST-0803,Customer_803,PENDING_REVERIFICATION,LOW,SME,IND,2025-05-28 00:00:00
CUST-0804,Customer_804,VERIFIED,LOW,SME,IND,2024-12-29 00:00:00
CUST-0805,Customer_805,PENDING_REVERIFICATION,LOW,RETAIL,IND,2023-09-11 00:00:00
CUST-0806,Customer_806,PENDING_REVERIFICATION,LOW,RETAIL,IND,2023-10-04 00:00:00
CUST-0807,Customer_807,VERIFIED,LOW,RETAIL,IND,2023-09-07 00:00:00
CUST-0808,Customer_808,PENDING_REVERIFICATION,HIGH,SME,IND,2025-05-07 00:00:00
CUST-0809,Customer_809,VERIFIED,LOW,SME,IND,2024-05-14 00:00:00
CUST-0810,Customer_810,VERIFIED,HIGH,SME,IND,2024-10-09 00:00:00
CUST-0811,Customer_811,VERIFIED,HIGH,HNI,IND,2025-05-17 00:00:00
CUST-0812,Customer_812,VERIFIED,HIGH,HNI,IND,2024-01-18 00:00:00
CUST-0813,Customer_813,VERIFIED,LOW,SME,IND,2024-05-24 00:00:00
CUST-0814,Customer_814,VERIFIED,LOW,RETAIL,IND,2024-10-09 00:00:00
CUST-0815,Customer_815,VERIFIED,LOW,SME,IND,2024-10-19 00:00:00
CUST-0816,Customer_816,VERIFIED,HIGH,HNI,IND,2026-01-18 00:00:00
CUST-0817,Customer_817,VERIFIED,LOW,SME,IND,2024-02-14 00:00:00
CUST-0818,Customer_818,VERIFIED,HIGH,RETAIL,IND,2025-03-06 00:00:00
CUST-0819,Customer_819,VERIFIED,LOW,RETAIL,IND,2025-12-17 00:00:00
CUST-0820,Customer_820,VERIFIED,HIGH,CORPORATE,IND,2025-04-04 00:00:00
CUST-0821,Customer_821,VERIFIED,LOW,RETAIL,IND,2025-06-13 00:00:00
CUST-0822,Customer_822,VERIFIED,MEDIUM,SME,IND,2025-09-16 00:00:00
CUST-0823,Customer_823,VERIFIED,LOW,SME,IND,2026-01-19 00:00:00
CUST-0824,Customer_824,PENDING_REVERIFICATION,MEDIUM,SME,IND,2025-11-12 00:00:00
CUST-0825,Customer_825,VERIFIED,LOW,SME,IND,2024-07-08 00:00:00
CUST-0826,Customer_826,PENDING_REVERIFICATION,MEDIUM,RETAIL,IND,2025-03-15 00:00:00
CUST-0827,Customer_827,VERIFIED,LOW,CORPORATE,IND,2025-03-21 00:00:00
CUST-0828,Customer_828,PENDING_REVERIFICATION,LOW,RETAIL,IND,2025-12-22 00:00:00
CUST-0829,Customer_829,VERIFIED,LOW,RETAIL,IND,2024-08-04 00:00:00
CUST-0830,Customer_830,PENDING_REVERIFICATION,LOW,HNI,IND,2026-01-08 00:00:00
CUST-0831,Customer_831,PENDING_REVERIFICATION,LOW,RETAIL,IND,2024-02-18 00:00:00
CUST-0832,Customer_832,VERIFIED,LOW,HNI,IND,2024-09-30 00:00:00
CUST-0833,Customer_833,VERIFIED,LOW,RETAIL,IND,2024-11-15 00:00:00
CUST-0834,Customer_834,VERIFIED,MEDIUM,RETAIL,IND,2024-01-14 00:00:00
CUST-0835,Customer_835,PENDING_REVERIFICATION,LOW,HNI,IND,2025-04-18 00:00:00
CUST-0836,Customer_836,VERIFIED,HIGH,SME,IND,2024-07-24 00:00:00
CUST-0837,Customer_837,VERIFIED,LOW,SME,IND,2025-09-30 00:00:00
CUST-0838,Customer_838,VERIFIED,LOW,HNI,IND,2025-11-20 00:00:00
CUST-0839,Customer_839,VERIFIED,HIGH,RETAIL,IND,2026-02-16 00:00:00
CUST-0840,Customer_840,VERIFIED,MEDIUM,SME,IND,2024-02-01 00:00:00
CUST-0841,Customer_841,VERIFIED,LOW,RETAIL,IND,2024-09-04 00:00:00
CUST-0842,Customer_842,PENDING_REVERIFICATION,HIGH,SME,IND,2024-05-15 00:00:00
CUST-0843,Customer_843,VERIFIED,MEDIUM,RETAIL,IND,2025-01-28 00:00:00
CUST-0844,Customer_844,PENDING_REVERIFICATION,LOW,HNI,IND,2025-08-25 00:00:00
CUST-0845,Customer_845,VERIFIED,HIGH,CORPORATE,IND,2024-05-17 00:00:00
CUST-0846,Customer_846,VERIFIED,MEDIUM,CORPORATE,IND,2024-07-14 00:00:00
CUST-0847,Customer_847,VERIFIED,LOW,CORPORATE,IND,2024-07-22 00:00:00
CUST-0848,Customer_848,VERIFIED,MEDIUM,SME,IND,2025-06-17 00:00:00
CUST-0849,Customer_849,VERIFIED,LOW,RETAIL,IND,2024-09-29 00:00:00
CUST-0850,Customer_850,PENDING_REVERIFICATION,LOW,SME,IND,2023-11-05 00:00:00
CUST-0851,Customer_851,PENDING_REVERIFICATION,LOW,SME,IND,2024-03-25 00:00:00
CUST-0852,Customer_852,VERIFIED,HIGH,RETAIL,IND,2026-01-20 00:00:00
CUST-0853,Customer_853,VERIFIED,LOW,HNI,IND,2025-05-01 00:00:00
CUST-0854,Customer_854,VERIFIED,LOW,HNI,IND,2025-03-21 00:00:00
CUST-0855,Customer_855,VERIFIED,HIGH,CORPORATE,IND,2025-03-07 00:00:00
CUST-0856,Customer_856,VERIFIED,MEDIUM,CORPORATE,IND,2024-11-23 00:00:00
CUST-0857,Customer_857,VERIFIED,HIGH,SME,IND,2025-05-16 00:00:00
CUST-0858,Customer_858,VERIFIED,LOW,RETAIL,IND,2025-04-23 00:00:00
CUST-0859,Customer_859,VERIFIED,HIGH,RETAIL,IND,2025-03-10 00:00:00
CUST-0860,Customer_860,PENDING_REVERIFICATION,LOW,RETAIL,IND,2026-01-16 00:00:00
CUST-0861,Customer_861,VERIFIED,LOW,RETAIL,IND,2024-10-27 00:00:00
CUST-0862,Customer_862,VERIFIED,LOW,HNI,IND,2025-09-18 00:00:00
CUST-0863,Customer_863,VERIFIED,HIGH,SME,IND,2023-09-25 00:00:00
CUST-0864,Customer_864,PENDING_REVERIFICATION,HIGH,RETAIL,IND,2025-06-24 00:00:00
CUST-0865,Customer_865,PENDING_REVERIFICATION,LOW,SME,IND,2023-10-23 00:00:00
CUST-0866,Customer_866,VERIFIED,LOW,CORPORATE,IND,2023-10-28 00:00:00
CUST-0867,Customer_867,VERIFIED,MEDIUM,SME,IND,2024-02-05 00:00:00
CUST-0868,Customer_868,PENDING_REVERIFICATION,LOW,RETAIL,IND,2025-07-23 00:00:00
CUST-0869,Customer_869,VERIFIED,LOW,RETAIL,IND,2024-12-10 00:00:00
CUST-0870,Customer_870,VERIFIED,MEDIUM,CORPORATE,IND,2025-01-30 00:00:00
CUST-0871,Customer_871,VERIFIED,LOW,SME,IND,2024-02-28 00:00:00
CUST-0872,Customer_872,VERIFIED,MEDIUM,SME,IND,2025-11-22 00:00:00
CUST-0873,Customer_873,PENDING_REVERIFICATION,LOW,HNI,IND,2025-06-21 00:00:00
CUST-0874,Customer_874,PENDING_REVERIFICATION,HIGH,CORPORATE,IND,2025-02-21 00:00:00
CUST-0875,Customer_875,VERIFIED,HIGH,CORPORATE,IND,2025-04-09 00:00:00
CUST-0876,Customer_876,VERIFIED,LOW,CORPORATE,IND,2024-12-14 00:00:00
CUST-0877,Customer_877,VERIFIED,HIGH,HNI,IND,2025-05-05 00:00:00
CUST-0878,Customer_878,VERIFIED,MEDIUM,SME,IND,2023-12-03 00:00:00
CUST-0879,Customer_879,VERIFIED,MEDIUM,RETAIL,IND,2023-12-26 00:00:00
CUST-0880,Customer_880,VERIFIED,LOW,CORPORATE,IND,2023-09-18 00:00:00
CUST-0881,Customer_881,VERIFIED,LOW,HNI,IND,2024-10-06 00:00:00
CUST-0882,Customer_882,VERIFIED,HIGH,CORPORATE,IND,2023-09-27 00:00:00
CUST-0883,Customer_883,VERIFIED,LOW,RETAIL,IND,2024-10-15 00:00:00
CUST-0884,Customer_884,VERIFIED,MEDIUM,RETAIL,IND,2026-01-05 00:00:00
CUST-0885,Customer_885,VERIFIED,LOW,SME,IND,2024-05-25 00:00:00
CUST-0886,Customer_886,VERIFIED,HIGH,SME,IND,2024-10-09 00:00:00
CUST-0887,Customer_887,VERIFIED,LOW,HNI,IND,2023-11-21 00:00:00
CUST-0888,Customer_888,VERIFIED,HIGH,SME,IND,2025-08-13 00:00:00
CUST-0889,Customer_889,VERIFIED,HIGH,HNI,IND,2024-02-17 00:00:00
CUST-0890,Customer_890,VERIFIED,LOW,CORPORATE,IND,2024-05-24 00:00:00
CUST-0891,Customer_891,VERIFIED,LOW,RETAIL,IND,2024-06-02 00:00:00
CUST-0892,Customer_892,VERIFIED,LOW,RETAIL,IND,2024-11-24 00:00:00
CUST-0893,Customer_893,VERIFIED,LOW,CORPORATE,IND,2024-10-12 00:00:00
CUST-0894,Customer_894,VERIFIED,LOW,RETAIL,IND,2024-12-27 00:00:00
CUST-0895,Customer_895,VERIFIED,LOW,SME,IND,2025-05-29 00:00:00
CUST-0896,Customer_896,PENDING_REVERIFICATION,LOW,HNI,IND,2025-05-10 00:00:00
CUST-0897,Customer_897,VERIFIED,HIGH,SME,IND,2024-02-29 00:00:00
CUST-0898,Customer_898,PENDING_REVERIFICATION,LOW,SME,IND,2023-12-24 00:00:00
CUST-0899,Customer_899,PENDING_REVERIFICATION,LOW,RETAIL,IND,2025-02-18 00:00:00
CUST-0900,Customer_900,VERIFIED,LOW,SME,IND,2023-09-28 00:00:00
CUST-0901,Customer_901,PENDING_REVERIFICATION,LOW,HNI,IND,2025-10-09 00:00:00
CUST-0902,Customer_902,VERIFIED,HIGH,CORPORATE,IND,2025-11-11 00:00:00
CUST-0903,Customer_903,PENDING_REVERIFICATION,LOW,SME,IND,2024-09-03 00:00:00
CUST-0904,Customer_904,PENDING_REVERIFICATION,MEDIUM,SME,IND,2024-02-06 00:00:00
CUST-0905,Customer_905,VERIFIED,LOW,CORPORATE,IND,2023-12-30 00:00:00
CUST-0906,Customer_906,VERIFIED,LOW,SME,IND,2025-06-20 00:00:00
CUST-0907,Customer_907,VERIFIED,HIGH,HNI,IND,2025-01-20 00:00:00
CUST-0908,Customer_908,PENDING_REVERIFICATION,LOW,CORPORATE,IND,2024-01-21 00:00:00
CUST-0909,Customer_909,PENDING_REVERIFICATION,HIGH,RETAIL,IND,2026-01-01 00:00:00
CUST-0910,Customer_910,PENDING_REVERIFICATION,LOW,RETAIL,IND,2024-11-03 00:00:00
CUST-0911,Customer_911,VERIFIED,LOW,CORPORATE,IND,2025-04-09 00:00:00
CUST-0912,Customer_912,VERIFIED,LOW,CORPORATE,IND,2023-10-13 00:00:00
CUST-0913,Customer_913,VERIFIED,HIGH,RETAIL,IND,2025-10-04 00:00:00
CUST-0914,Customer_914,VERIFIED,MEDIUM,SME,IND,2025-12-07 00:00:00
CUST-0915,Customer_915,PENDING_REVERIFICATION,LOW,RETAIL,IND,2026-01-26 00:00:00
CUST-0916,Customer_916,VERIFIED,LOW,HNI,IND,2023-11-11 00:00:00
CUST-0917,Customer_917,VERIFIED,HIGH,RETAIL,IND,2026-01-08 00:00:00
CUST-0918,Customer_918,PENDING_REVERIFICATION,LOW,RETAIL,IND,2025-05-30 00:00:00
CUST-0919,Customer_919,VERIFIED,HIGH,HNI,IND,2026-01-23 00:00:00
CUST-0920,Customer_920,VERIFIED,LOW,RETAIL,IND,2026-02-10 00:00:00
CUST-0921,Customer_921,VERIFIED,LOW,RETAIL,IND,2025-03-26 00:00:00
CUST-0922,Customer_922,PENDING_REVERIFICATION,LOW,SME,IND,2025-05-06 00:00:00
CUST-0923,Customer_923,PENDING_REVERIFICATION,LOW,CORPORATE,IND,2025-12-03 00:00:00
CUST-0924,Customer_924,PENDING_REVERIFICATION,LOW,CORPORATE,IND,2024-11-14 00:00:00
CUST-0925,Customer_925,VERIFIED,LOW,SME,IND,2025-02-18 00:00:00
CUST-0926,Customer_926,VERIFIED,LOW,SME,IND,2025-03-29 00:00:00
CUST-0927,Customer_927,VERIFIED,LOW,HNI,IND,2025-03-10 00:00:00
CUST-0928,Customer_928,VERIFIED,LOW,RETAIL,IND,2024-05-19 00:00:00
CUST-0929,Customer_929,VERIFIED,LOW,RETAIL,IND,2024-10-29 00:00:00
CUST-0930,Customer_930,VERIFIED,LOW,SME,IND,2025-04-01 00:00:00
CUST-0931,Customer_931,VERIFIED,LOW,HNI,IND,2023-11-20 00:00:00
CUST-0932,Customer_932,VERIFIED,LOW,HNI,IND,2024-03-25 00:00:00
CUST-0933,Customer_933,VERIFIED,LOW,CORPORATE,IND,2024-08-24 00:00:00
CUST-0934,Customer_934,PENDING_REVERIFICATION,HIGH,RETAIL,IND,2025-12-06 00:00:00
CUST-0935,Customer_935,VERIFIED,LOW,SME,IND,2025-11-03 00:00:00
CUST-0936,Customer_936,VERIFIED,MEDIUM,CORPORATE,IND,2024-05-07 00:00:00
CUST-0937,Customer_937,VERIFIED,HIGH,CORPORATE,IND,2024-01-14 00:00:00
CUST-0938,Customer_938,VERIFIED,LOW,HNI,IND,2023-11-20 00:00:00
CUST-0939,Customer_939,PENDING_REVERIFICATION,MEDIUM,RETAIL,IND,2024-08-01 00:00:00
CUST-0940,Customer_940,PENDING_REVERIFICATION,HIGH,SME,IND,2025-11-23 00:00:00
CUST-0941,Customer_941,PENDING_REVERIFICATION,HIGH,SME,IND,2024-06-11 00:00:00
CUST-0942,Customer_942,PENDING_REVERIFICATION,HIGH,RETAIL,IND,2025-07-03 00:00:00
CUST-0943,Customer_943,VERIFIED,MEDIUM,SME,IND,2024-09-13 00:00:00
CUST-0944,Customer_944,VERIFIED,HIGH,CORPORATE,IND,2024-07-02 00:00:00
CUST-0945,Customer_945,VERIFIED,LOW,RETAIL,IND,2026-01-30 00:00:00
CUST-0946,Customer_946,VERIFIED,LOW,CORPORATE,IND,2025-03-25 00:00:00
CUST-0947,Customer_947,PENDING_REVERIFICATION,LOW,SME,IND,2024-04-03 00:00:00
CUST-0948,Customer_948,PENDING_REVERIFICATION,LOW,SME,IND,2024-09-28 00:00:00
CUST-0949,Customer_949,VERIFIED,LOW,RETAIL,IND,2025-08-03 00:00:00
CUST-0950,Customer_950,VERIFIED,MEDIUM,SME,IND,2025-08-01 00:00:00
CUST-0951,Customer_951,VERIFIED,LOW,CORPORATE,IND,2025-06-20 00:00:00
CUST-0952,Customer_952,VERIFIED,MEDIUM,CORPORATE,IND,2024-04-26 00:00:00
CUST-0953,Customer_953,PENDING_REVERIFICATION,LOW,SME,IND,2025-12-22 00:00:00
CUST-0954,Customer_954,VERIFIED,LOW,CORPORATE,IND,2024-01-23 00:00:00
CUST-0955,Customer_955,VERIFIED,LOW,SME,IND,2024-01-03 00:00:00
CUST-0956,Customer_956,VERIFIED,LOW,CORPORATE,IND,2025-05-21 00:00:00
CUST-0957,Customer_957,VERIFIED,HIGH,RETAIL,IND,2025-07-19 00:00:00
CUST-0958,Customer_958,VERIFIED,MEDIUM,RETAIL,IND,2024-12-29 00:00:00
CUST-0959,Customer_959,VERIFIED,LOW,RETAIL,IND,2024-05-31 00:00:00
CUST-0960,Customer_960,VERIFIED,LOW,HNI,IND,2024-09-29 00:00:00
CUST-0961,Customer_961,VERIFIED,HIGH,HNI,IND,2024-10-23 00:00:00
CUST-0962,Customer_962,VERIFIED,LOW,HNI,IND,2023-10-07 00:00:00
CUST-0963,Customer_963,VERIFIED,HIGH,CORPORATE,IND,2023-11-04 00:00:00
CUST-0964,Customer_964,PENDING_REVERIFICATION,MEDIUM,RETAIL,IND,2025-06-26 00:00:00
CUST-0965,Customer_965,PENDING_REVERIFICATION,LOW,HNI,IND,2024-02-11 00:00:00
CUST-0966,Customer_966,PENDING_REVERIFICATION,LOW,SME,IND,2024-10-08 00:00:00
CUST-0967,Customer_967,VERIFIED,LOW,SME,IND,2026-02-01 00:00:00
CUST-0968,Customer_968,VERIFIED,HIGH,SME,IND,2026-02-19 00:00:00
CUST-0969,Customer_969,PENDING_REVERIFICATION,LOW,HNI,IND,2024-07-19 00:00:00
CUST-0970,Customer_970,VERIFIED,LOW,RETAIL,IND,2025-10-26 00:00:00
CUST-0971,Customer_971,VERIFIED,LOW,CORPORATE,IND,2023-10-12 00:00:00
CUST-0972,Customer_972,VERIFIED,HIGH,RETAIL,IND,2023-10-06 00:00:00
CUST-0973,Customer_973,VERIFIED,MEDIUM,SME,IND,2023-10-16 00:00:00
CUST-0974,Customer_974,PENDING_REVERIFICATION,LOW,CORPORATE,IND,2024-04-13 00:00:00
CUST-0975,Customer_975,PENDING_REVERIFICATION,HIGH,HNI,IND,2025-10-23 00:00:00
CUST-0976,Customer_976,VERIFIED,HIGH,SME,IND,2026-02-18 00:00:00
CUST-0977,Customer_977,VERIFIED,LOW,HNI,IND,2023-09-06 00:00:00
CUST-0978,Customer_978,VERIFIED,LOW,SME,IND,2026-02-02 00:00:00
CUST-0979,Customer_979,VERIFIED,LOW,RETAIL,IND,2024-08-28 00:00:00
CUST-0980,Customer_980,PENDING_REVERIFICATION,LOW,SME,IND,2024-05-23 00:00:00
CUST-0981,Customer_981,VERIFIED,HIGH,SME,IND,2024-12-17 00:00:00
CUST-0982,Customer_982,VERIFIED,LOW,HNI,IND,2025-12-10 00:00:00
CUST-0983,Customer_983,VERIFIED,MEDIUM,CORPORATE,IND,2024-07-01 00:00:00
CUST-0984,Customer_984,VERIFIED,MEDIUM,HNI,IND,2024-10-15 00:00:00
CUST-0985,Customer_985,VERIFIED,LOW,RETAIL,IND,2024-10-07 00:00:00
CUST-0986,Customer_986,PENDING_REVERIFICATION,LOW,SME,IND,2024-12-14 00:00:00
CUST-0987,Customer_987,VERIFIED,LOW,HNI,IND,2024-03-06 00:00:00
CUST-0988,Customer_988,VERIFIED,HIGH,HNI,IND,2025-02-03 00:00:00
CUST-0989,Customer_989,PENDING_REVERIFICATION,HIGH,RETAIL,IND,2024-09-01 00:00:00
CUST-0990,Customer_990,VERIFIED,MEDIUM,HNI,IND,2023-10-18 00:00:00
CUST-0991,Customer_991,PENDING_REVERIFICATION,LOW,RETAIL,IND,2024-09-27 00:00:00
CUST-0992,Customer_992,VERIFIED,LOW,SME,IND,2023-11-14 00:00:00
CUST-0993,Customer_993,VERIFIED,LOW,CORPORATE,IND,2026-01-26 00:00:00
CUST-0994,Customer_994,VERIFIED,LOW,HNI,IND,2023-12-13 00:00:00
CUST-0995,Customer_995,VERIFIED,LOW,HNI,IND,2024-03-14 00:00:00
CUST-0996,Customer_996,VERIFIED,LOW,CORPORATE,IND,2025-03-26 00:00:00
CUST-0997,Customer_997,VERIFIED,LOW,SME,IND,2025-07-11 00:00:00
CUST-0998,Customer_998,VERIFIED,LOW,HNI,IND,2025-03-27 00:00:00
CUST-0999,Customer_999,VERIFIED,LOW,HNI,IND,2026-02-14 00:00:00
CUST-1000,Customer_1000,VERIFIED,LOW,RETAIL,IND,2025-09-30 00:00:00
